😀	grinning face	Smileys & Emotion	face-smiling	face|grinning	0
😃	grinning face with big eyes	Smileys & Emotion	face-smiling	big|eyes|face|grinning|happy|laugh|smile|smiley|with	0
😄	grinning face with smiling eyes	Smileys & Emotion	face-smiling	eyes|face|grinning|happy|joy|laugh|smile|smiling|with	0
😁	beaming face with smiling eyes	Smileys & Emotion	face-smiling	beaming|eyes|face|grin|happy|laugh|smile|smiling|with	0
😆	grinning squinting face	Smileys & Emotion	face-smiling	face|grinning|laughing|satisfied|squinting	0
😅	grinning face with sweat	Smileys & Emotion	face-smiling	face|grinning|laugh|nervous|smile|sweat|with	0
🤣	rolling on the floor laughing	Smileys & Emotion	face-smiling	floor|laugh|laughing|lmao|rofl|rolling|the	0
😂	face with tears of joy	Smileys & Emotion	face-smiling	crying|face|joy|laugh|lol|tears|with	0
🙂	slightly smiling face	Smileys & Emotion	face-smiling	face|slightly|smiling	0
🙃	upside-down face	Smileys & Emotion	face-smiling	down|face|upside	0
🫠	melting face	Smileys & Emotion	face-smiling	face|melting	0
😉	winking face	Smileys & Emotion	face-smiling	face|wink|winking	0
😊	smiling face with smiling eyes	Smileys & Emotion	face-smiling	blush|eyes|face|smiling|with	0
😇	smiling face with halo	Smileys & Emotion	face-smiling	face|halo|innocent|smiling|with	0
🥰	smiling face with hearts	Smileys & Emotion	face-affection	face|hearts|smiling|three|with	0
😍	smiling face with heart-eyes	Smileys & Emotion	face-affection	eyes|face|heart|smiling|with	0
🤩	star-struck	Smileys & Emotion	face-affection	star|struck	0
😘	face blowing a kiss	Smileys & Emotion	face-affection	blowing|face|heart|kiss|kissing	0
😗	kissing face	Smileys & Emotion	face-affection	face|kissing	0
☺️	smiling face	Smileys & Emotion	face-affection	face|relaxed|smiling	0
😚	kissing face with closed eyes	Smileys & Emotion	face-affection	closed|eyes|face|kissing|with	0
😙	kissing face with smiling eyes	Smileys & Emotion	face-affection	eyes|face|kissing|smiling|with	0
🥲	smiling face with tear	Smileys & Emotion	face-affection	face|smiling|tear|with	0
😋	face savoring food	Smileys & Emotion	face-tongue	face|food|savoring|yum	0
😛	face with tongue	Smileys & Emotion	face-tongue	face|out|stuck|tongue|with	0
😜	winking face with tongue	Smileys & Emotion	face-tongue	eye|face|out|stuck|tongue|winking|with	0
🤪	zany face	Smileys & Emotion	face-tongue	face|zany	0
😝	squinting face with tongue	Smileys & Emotion	face-tongue	closed|eyes|face|out|squinting|stuck|tongue|with	0
🤑	money-mouth face	Smileys & Emotion	face-tongue	face|money|mouth	0
🤗	smiling face with open hands	Smileys & Emotion	face-hand	face|hands|hugs|open|smiling|with	0
🤭	face with hand over mouth	Smileys & Emotion	face-hand	face|hand|mouth|over|with	0
🫢	face with open eyes and hand over mouth	Smileys & Emotion	face-hand	and|eyes|face|hand|mouth|open|over|with	0
🫣	face with peeking eye	Smileys & Emotion	face-hand	eye|face|peeking|with	0
🤫	shushing face	Smileys & Emotion	face-hand	face|shushing	0
🤔	thinking face	Smileys & Emotion	face-hand	face|thinking	0
🫡	saluting face	Smileys & Emotion	face-hand	face|saluting	0
🤐	zipper-mouth face	Smileys & Emotion	face-neutral-skeptical	face|mouth|zipper	0
🤨	face with raised eyebrow	Smileys & Emotion	face-neutral-skeptical	eyebrow|face|raised|with	0
😐	neutral face	Smileys & Emotion	face-neutral-skeptical	face|neutral	0
😑	expressionless face	Smileys & Emotion	face-neutral-skeptical	expressionless|face	0
😶	face without mouth	Smileys & Emotion	face-neutral-skeptical	face|mouth|without	0
🫥	dotted line face	Smileys & Emotion	face-neutral-skeptical	dotted|face|line	0
😶‍🌫️	face in clouds	Smileys & Emotion	face-neutral-skeptical	clouds|face	0
😏	smirking face	Smileys & Emotion	face-neutral-skeptical	face|smirk|smirking	0
😒	unamused face	Smileys & Emotion	face-neutral-skeptical	face|unamused	0
🙄	face with rolling eyes	Smileys & Emotion	face-neutral-skeptical	eyes|face|roll|rolling|with	0
😬	grimacing face	Smileys & Emotion	face-neutral-skeptical	face|grimacing	0
😮‍💨	face exhaling	Smileys & Emotion	face-neutral-skeptical	exhaling|face	0
🤥	lying face	Smileys & Emotion	face-neutral-skeptical	face|lying	0
🫨	shaking face	Smileys & Emotion	face-neutral-skeptical	face|shaking	0
🙂‍↔️	head shaking horizontally	Smileys & Emotion	face-neutral-skeptical	head|horizontally|shaking	0
🙂‍↕️	head shaking vertically	Smileys & Emotion	face-neutral-skeptical	head|shaking|vertically	0
😌	relieved face	Smileys & Emotion	face-sleepy	face|relieved	0
😔	pensive face	Smileys & Emotion	face-sleepy	face|pensive	0
😪	sleepy face	Smileys & Emotion	face-sleepy	face|sleepy	0
🤤	drooling face	Smileys & Emotion	face-sleepy	drooling|face	0
😴	sleeping face	Smileys & Emotion	face-sleepy	face|sleeping	0
🫩	face with bags under eyes	Smileys & Emotion	face-sleepy	bags|eyes|face|under|with	0
😷	face with medical mask	Smileys & Emotion	face-unwell	face|mask|medical|with	0
🤒	face with thermometer	Smileys & Emotion	face-unwell	face|thermometer|with	0
🤕	face with head-bandage	Smileys & Emotion	face-unwell	bandage|face|head|with	0
🤢	nauseated face	Smileys & Emotion	face-unwell	face|nauseated	0
🤮	face vomiting	Smileys & Emotion	face-unwell	face|vomiting	0
🤧	sneezing face	Smileys & Emotion	face-unwell	face|sneezing	0
🥵	hot face	Smileys & Emotion	face-unwell	face|hot	0
🥶	cold face	Smileys & Emotion	face-unwell	cold|face	0
🥴	woozy face	Smileys & Emotion	face-unwell	face|woozy	0
😵	face with crossed-out eyes	Smileys & Emotion	face-unwell	crossed|dizzy|eyes|face|out|with	0
😵‍💫	face with spiral eyes	Smileys & Emotion	face-unwell	eyes|face|spiral|with	0
🤯	exploding head	Smileys & Emotion	face-unwell	exploding|happy|head|joy|laugh	0
🤠	cowboy hat face	Smileys & Emotion	face-hat	cowboy|face|hat	0
🥳	partying face	Smileys & Emotion	face-hat	face|partying	0
🥸	disguised face	Smileys & Emotion	face-hat	disguised|face	0
😎	smiling face with sunglasses	Smileys & Emotion	face-glasses	face|smiling|sunglasses|with	0
🤓	nerd face	Smileys & Emotion	face-glasses	face|nerd	0
🧐	face with monocle	Smileys & Emotion	face-glasses	face|monocle|with	0
😕	confused face	Smileys & Emotion	face-concerned	confused|face	0
🫤	face with diagonal mouth	Smileys & Emotion	face-concerned	diagonal|face|mouth|with	0
😟	worried face	Smileys & Emotion	face-concerned	face|worried	0
🙁	slightly frowning face	Smileys & Emotion	face-concerned	face|frowning|slightly	0
☹️	frowning face	Smileys & Emotion	face-concerned	face|frowning	0
😮	face with open mouth	Smileys & Emotion	face-concerned	face|mouth|open|with	0
😯	hushed face	Smileys & Emotion	face-concerned	face|hushed	0
😲	astonished face	Smileys & Emotion	face-concerned	astonished|face	0
😳	flushed face	Smileys & Emotion	face-concerned	face|flushed	0
🥺	pleading face	Smileys & Emotion	face-concerned	face|pleading	0
🥹	face holding back tears	Smileys & Emotion	face-concerned	back|face|holding|tears	0
😦	frowning face with open mouth	Smileys & Emotion	face-concerned	face|frowning|mouth|open|with	0
😧	anguished face	Smileys & Emotion	face-concerned	anguished|face	0
😨	fearful face	Smileys & Emotion	face-concerned	face|fearful	0
😰	anxious face with sweat	Smileys & Emotion	face-concerned	anxious|cold|face|sweat|with	0
😥	sad but relieved face	Smileys & Emotion	face-concerned	but|disappointed|face|relieved|sad	0
😢	crying face	Smileys & Emotion	face-concerned	cry|crying|face	0
😭	loudly crying face	Smileys & Emotion	face-concerned	crying|face|loudly|sob	0
😱	face screaming in fear	Smileys & Emotion	face-concerned	face|fear|scream|screaming	0
😖	confounded face	Smileys & Emotion	face-concerned	confounded|face	0
😣	persevering face	Smileys & Emotion	face-concerned	face|persevere|persevering	0
😞	disappointed face	Smileys & Emotion	face-concerned	disappointed|face	0
😓	downcast face with sweat	Smileys & Emotion	face-concerned	downcast|face|sweat|with	0
😩	weary face	Smileys & Emotion	face-concerned	face|weary	0
😫	tired face	Smileys & Emotion	face-concerned	face|tired	0
🥱	yawning face	Smileys & Emotion	face-concerned	face|yawning	0
😤	face with steam from nose	Smileys & Emotion	face-negative	face|from|nose|steam|triumph|with	0
😡	enraged face	Smileys & Emotion	face-negative	enraged|face|pout|rage	0
😠	angry face	Smileys & Emotion	face-negative	angry|face	0
🤬	face with symbols on mouth	Smileys & Emotion	face-negative	cursing|face|mouth|symbols|with	0
😈	smiling face with horns	Smileys & Emotion	face-negative	face|horns|imp|smiling|with	0
👿	angry face with horns	Smileys & Emotion	face-negative	angry|face|horns|imp|with	0
💀	skull	Smileys & Emotion	face-negative	skull	0
☠️	skull and crossbones	Smileys & Emotion	face-negative	and|crossbones|skull	0
💩	pile of poo	Smileys & Emotion	face-costume	hankey|pile|poo|poop|shit	0
🤡	clown face	Smileys & Emotion	face-costume	clown|face	0
👹	ogre	Smileys & Emotion	face-costume	japanese|ogre	0
👺	goblin	Smileys & Emotion	face-costume	goblin|japanese	0
👻	ghost	Smileys & Emotion	face-costume	ghost	0
👽	alien	Smileys & Emotion	face-costume	alien	0
👾	alien monster	Smileys & Emotion	face-costume	alien|invader|monster|space	0
🤖	robot	Smileys & Emotion	face-costume	robot	0
😺	grinning cat	Smileys & Emotion	cat-face	cat|grinning|smiley	0
😸	grinning cat with smiling eyes	Smileys & Emotion	cat-face	cat|eyes|grinning|smile|smiling|with	0
😹	cat with tears of joy	Smileys & Emotion	cat-face	cat|joy|tears|with	0
😻	smiling cat with heart-eyes	Smileys & Emotion	cat-face	cat|eyes|heart|smiling|with	0
😼	cat with wry smile	Smileys & Emotion	cat-face	cat|smile|smirk|with|wry	0
😽	kissing cat	Smileys & Emotion	cat-face	cat|kissing	0
🙀	weary cat	Smileys & Emotion	cat-face	cat|scream|weary	0
😿	crying cat	Smileys & Emotion	cat-face	cat|crying|face	0
😾	pouting cat	Smileys & Emotion	cat-face	cat|pouting	0
🙈	see-no-evil monkey	Smileys & Emotion	monkey-face	evil|monkey|see	0
🙉	hear-no-evil monkey	Smileys & Emotion	monkey-face	evil|hear|monkey	0
🙊	speak-no-evil monkey	Smileys & Emotion	monkey-face	evil|monkey|speak	0
💌	love letter	Smileys & Emotion	heart	letter|love	0
💘	heart with arrow	Smileys & Emotion	heart	arrow|cupid|heart|with	0
💝	heart with ribbon	Smileys & Emotion	heart	gift|heart|ribbon|with	0
💖	sparkling heart	Smileys & Emotion	heart	heart|sparkling	0
💗	growing heart	Smileys & Emotion	heart	growing|heart|heartpulse	0
💓	beating heart	Smileys & Emotion	heart	beating|heart|heartbeat	0
💞	revolving hearts	Smileys & Emotion	heart	hearts|revolving	0
💕	two hearts	Smileys & Emotion	heart	hearts|two	0
💟	heart decoration	Smileys & Emotion	heart	decoration|heart	0
❣️	heart exclamation	Smileys & Emotion	heart	exclamation|heart|heavy	0
💔	broken heart	Smileys & Emotion	heart	breakup|broken|heart	0
❤️‍🔥	heart on fire	Smileys & Emotion	heart	fire|heart	0
❤️‍🩹	mending heart	Smileys & Emotion	heart	heart|mending	0
❤️	red heart	Smileys & Emotion	heart	heart|like|love|red	0
🩷	pink heart	Smileys & Emotion	heart	heart|pink	0
🧡	orange heart	Smileys & Emotion	heart	heart|orange	0
💛	yellow heart	Smileys & Emotion	heart	heart|yellow	0
💚	green heart	Smileys & Emotion	heart	green|heart	0
💙	blue heart	Smileys & Emotion	heart	blue|heart	0
🩵	light blue heart	Smileys & Emotion	heart	blue|heart|light	0
💜	purple heart	Smileys & Emotion	heart	heart|purple	0
🤎	brown heart	Smileys & Emotion	heart	brown|heart	0
🖤	black heart	Smileys & Emotion	heart	black|heart	0
🩶	grey heart	Smileys & Emotion	heart	grey|heart	0
🤍	white heart	Smileys & Emotion	heart	heart|white	0
💋	kiss mark	Smileys & Emotion	emotion	kiss|mark	0
💯	hundred points	Smileys & Emotion	emotion	100|hundred|perfect|points|score	0
💢	anger symbol	Smileys & Emotion	emotion	anger|symbol	0
💥	collision	Smileys & Emotion	emotion	boom|collision	0
💫	dizzy	Smileys & Emotion	emotion	dizzy	0
💦	sweat droplets	Smileys & Emotion	emotion	droplets|drops|sweat	0
💨	dashing away	Smileys & Emotion	emotion	away|dash|dashing	0
🕳️	hole	Smileys & Emotion	emotion	hole	0
💬	speech balloon	Smileys & Emotion	emotion	balloon|speech	0
👁️‍🗨️	eye in speech bubble	Smileys & Emotion	emotion	bubble|eye|speech	0
🗨️	left speech bubble	Smileys & Emotion	emotion	bubble|left|speech	0
🗯️	right anger bubble	Smileys & Emotion	emotion	anger|bubble|right	0
💭	thought balloon	Smileys & Emotion	emotion	balloon|thought	0
💤	ZZZ	Smileys & Emotion	emotion	zzz	0
👋	waving hand	People & Body	hand-fingers-open	hand|wave|waving	0
🤚	raised back of hand	People & Body	hand-fingers-open	back|hand|raised	0
🖐️	hand with fingers splayed	People & Body	hand-fingers-open	fingers|hand|raised|splayed|with	0
✋	raised hand	People & Body	hand-fingers-open	hand|raised	0
🖖	vulcan salute	People & Body	hand-fingers-open	salute|vulcan	0
🫱	rightwards hand	People & Body	hand-fingers-open	hand|rightwards	0
🫲	leftwards hand	People & Body	hand-fingers-open	hand|leftwards	0
🫳	palm down hand	People & Body	hand-fingers-open	down|hand|palm	0
🫴	palm up hand	People & Body	hand-fingers-open	hand|palm	0
🫷	leftwards pushing hand	People & Body	hand-fingers-open	hand|leftwards|pushing	0
🫸	rightwards pushing hand	People & Body	hand-fingers-open	hand|pushing|rightwards	0
👌	OK hand	People & Body	hand-fingers-partial	hand	0
🤌	pinched fingers	People & Body	hand-fingers-partial	fingers|pinched	0
🤏	pinching hand	People & Body	hand-fingers-partial	hand|pinching	0
✌️	victory hand	People & Body	hand-fingers-partial	hand|victory	0
🤞	crossed fingers	People & Body	hand-fingers-partial	crossed|fingers	0
🫰	hand with index finger and thumb crossed	People & Body	hand-fingers-partial	and|crossed|finger|hand|index|thumb|with	0
🤟	love-you gesture	People & Body	hand-fingers-partial	gesture|love|you	0
🤘	sign of the horns	People & Body	hand-fingers-partial	horns|metal|sign|the	0
🤙	call me hand	People & Body	hand-fingers-partial	call|hand	0
👈	backhand index pointing left	People & Body	hand-single-finger	backhand|index|left|point|pointing	0
👉	backhand index pointing right	People & Body	hand-single-finger	backhand|index|point|pointing|right	0
👆	backhand index pointing up	People & Body	hand-single-finger	backhand|index|point|pointing	0
🖕	middle finger	People & Body	hand-single-finger	finger|middle	0
👇	backhand index pointing down	People & Body	hand-single-finger	backhand|down|index|point|pointing	0
☝️	index pointing up	People & Body	hand-single-finger	index|point|pointing	0
🫵	index pointing at the viewer	People & Body	hand-single-finger	index|pointing|the|viewer	0
👍	thumbs up	People & Body	hand-fingers-closed	approve|like|ok|thumbs|thumbsup|yes	0
👎	thumbs down	People & Body	hand-fingers-closed	dislike|down|no|thumbs|thumbsdown	0
✊	raised fist	People & Body	hand-fingers-closed	fist|raised	0
👊	oncoming fist	People & Body	hand-fingers-closed	facepunch|fist|oncoming|punch	0
🤛	left-facing fist	People & Body	hand-fingers-closed	facing|fist|left	0
🤜	right-facing fist	People & Body	hand-fingers-closed	facing|fist|right	0
👏	clapping hands	People & Body	hands	clap|clapping|hands	0
🙌	raising hands	People & Body	hands	hands|raised|raising	0
🫶	heart hands	People & Body	hands	hands|heart	0
👐	open hands	People & Body	hands	hands|open	0
🤲	palms up together	People & Body	hands	palms|together	0
🤝	handshake	People & Body	hands	handshake	0
🙏	folded hands	People & Body	hands	folded|hands|pray	0
✍️	writing hand	People & Body	hand-prop	hand|writing	0
💅	nail polish	People & Body	hand-prop	care|nail|polish	0
🤳	selfie	People & Body	hand-prop	selfie	0
💪	flexed biceps	People & Body	body-parts	biceps|flexed|muscle	0
🦾	mechanical arm	People & Body	body-parts	arm|mechanical	0
🦿	mechanical leg	People & Body	body-parts	leg|mechanical	0
🦵	leg	People & Body	body-parts	leg	0
🦶	foot	People & Body	body-parts	foot	0
👂	ear	People & Body	body-parts	ear	0
🦻	ear with hearing aid	People & Body	body-parts	aid|ear|hearing|with	0
👃	nose	People & Body	body-parts	nose	0
🧠	brain	People & Body	body-parts	brain	0
🫀	anatomical heart	People & Body	body-parts	anatomical|heart	0
🫁	lungs	People & Body	body-parts	lungs	0
🦷	tooth	People & Body	body-parts	tooth	0
🦴	bone	People & Body	body-parts	bone	0
👀	eyes	People & Body	body-parts	eyes	0
👁️	eye	People & Body	body-parts	eye	0
👅	tongue	People & Body	body-parts	tongue	0
👄	mouth	People & Body	body-parts	lips|mouth	0
🫦	biting lip	People & Body	body-parts	biting|lip	0
👶	baby	People & Body	person	baby	0
🧒	child	People & Body	person	child	0
👦	boy	People & Body	person	boy	0
👧	girl	People & Body	person	girl	0
🧑	person	People & Body	person	adult|person	0
👱	person: blond hair	People & Body	person	blond|hair|haired|person	0
👨	man	People & Body	person	man	0
🧔	person: beard	People & Body	person	beard|bearded|person	0
🧔‍♂️	man: beard	People & Body	person	beard|man	0
🧔‍♀️	woman: beard	People & Body	person	beard|woman	0
👨‍🦰	man: red hair	People & Body	person	hair|haired|man|red	0
👨‍🦱	man: curly hair	People & Body	person	curly|hair|haired|man	0
👨‍🦳	man: white hair	People & Body	person	hair|haired|man|white	0
👨‍🦲	man: bald	People & Body	person	bald|man	0
👩	woman	People & Body	person	woman	0
👩‍🦰	woman: red hair	People & Body	person	hair|haired|red|woman	0
🧑‍🦰	person: red hair	People & Body	person	hair|person|red	0
👩‍🦱	woman: curly hair	People & Body	person	curly|hair|haired|woman	0
🧑‍🦱	person: curly hair	People & Body	person	curly|hair|person	0
👩‍🦳	woman: white hair	People & Body	person	hair|haired|white|woman	0
🧑‍🦳	person: white hair	People & Body	person	hair|person|white	0
👩‍🦲	woman: bald	People & Body	person	bald|woman	0
🧑‍🦲	person: bald	People & Body	person	bald|person	0
👱‍♀️	woman: blond hair	People & Body	person	blond|blonde|hair|haired|woman	0
👱‍♂️	man: blond hair	People & Body	person	blond|hair|haired|man	0
🧓	older person	People & Body	person	adult|older|person	0
👴	old man	People & Body	person	man|old|older	0
👵	old woman	People & Body	person	old|older|woman	0
🙍	person frowning	People & Body	person-gesture	frowning|person	0
🙍‍♂️	man frowning	People & Body	person-gesture	frowning|man	0
🙍‍♀️	woman frowning	People & Body	person-gesture	frowning|woman	0
🙎	person pouting	People & Body	person-gesture	face|person|pouting	0
🙎‍♂️	man pouting	People & Body	person-gesture	man|pouting	0
🙎‍♀️	woman pouting	People & Body	person-gesture	pouting|woman	0
🙅	person gesturing NO	People & Body	person-gesture	gesturing|good|person	0
🙅‍♂️	man gesturing NO	People & Body	person-gesture	gesturing|good|man	0
🙅‍♀️	woman gesturing NO	People & Body	person-gesture	gesturing|good|woman	0
🙆	person gesturing OK	People & Body	person-gesture	gesturing|person	0
🙆‍♂️	man gesturing OK	People & Body	person-gesture	gesturing|man	0
🙆‍♀️	woman gesturing OK	People & Body	person-gesture	gesturing|woman	0
💁	person tipping hand	People & Body	person-gesture	desk|hand|information|person|tipping	0
💁‍♂️	man tipping hand	People & Body	person-gesture	hand|man|sassy|tipping	0
💁‍♀️	woman tipping hand	People & Body	person-gesture	hand|sassy|tipping|woman	0
🙋	person raising hand	People & Body	person-gesture	hand|person|raising	0
🙋‍♂️	man raising hand	People & Body	person-gesture	hand|man|raising	0
🙋‍♀️	woman raising hand	People & Body	person-gesture	hand|raising|woman	0
🧏	deaf person	People & Body	person-gesture	deaf|person	0
🧏‍♂️	deaf man	People & Body	person-gesture	deaf|man	0
🧏‍♀️	deaf woman	People & Body	person-gesture	deaf|woman	0
🙇	person bowing	People & Body	person-gesture	bow|bowing|person	0
🙇‍♂️	man bowing	People & Body	person-gesture	bowing|man	0
🙇‍♀️	woman bowing	People & Body	person-gesture	bowing|woman	0
🤦	person facepalming	People & Body	person-gesture	facepalm|facepalming|person	0
🤦‍♂️	man facepalming	People & Body	person-gesture	facepalming|man	0
🤦‍♀️	woman facepalming	People & Body	person-gesture	facepalming|woman	0
🤷	person shrugging	People & Body	person-gesture	person|shrug|shrugging	0
🤷‍♂️	man shrugging	People & Body	person-gesture	man|shrugging	0
🤷‍♀️	woman shrugging	People & Body	person-gesture	shrugging|woman	0
🧑‍⚕️	health worker	People & Body	person-role	health|worker	0
👨‍⚕️	man health worker	People & Body	person-role	health|man|worker	0
👩‍⚕️	woman health worker	People & Body	person-role	health|woman|worker	0
🧑‍🎓	student	People & Body	person-role	student	0
👨‍🎓	man student	People & Body	person-role	man|student	0
👩‍🎓	woman student	People & Body	person-role	student|woman	0
🧑‍🏫	teacher	People & Body	person-role	teacher	0
👨‍🏫	man teacher	People & Body	person-role	man|teacher	0
👩‍🏫	woman teacher	People & Body	person-role	teacher|woman	0
🧑‍⚖️	judge	People & Body	person-role	judge	0
👨‍⚖️	man judge	People & Body	person-role	judge|man	0
👩‍⚖️	woman judge	People & Body	person-role	judge|woman	0
🧑‍🌾	farmer	People & Body	person-role	farmer	0
👨‍🌾	man farmer	People & Body	person-role	farmer|man	0
👩‍🌾	woman farmer	People & Body	person-role	farmer|woman	0
🧑‍🍳	cook	People & Body	person-role	cook	0
👨‍🍳	man cook	People & Body	person-role	cook|man	0
👩‍🍳	woman cook	People & Body	person-role	cook|woman	0
🧑‍🔧	mechanic	People & Body	person-role	mechanic	0
👨‍🔧	man mechanic	People & Body	person-role	man|mechanic	0
👩‍🔧	woman mechanic	People & Body	person-role	mechanic|woman	0
🧑‍🏭	factory worker	People & Body	person-role	factory|worker	0
👨‍🏭	man factory worker	People & Body	person-role	factory|man|worker	0
👩‍🏭	woman factory worker	People & Body	person-role	factory|woman|worker	0
🧑‍💼	office worker	People & Body	person-role	office|worker	0
👨‍💼	man office worker	People & Body	person-role	man|office|worker	0
👩‍💼	woman office worker	People & Body	person-role	office|woman|worker	0
🧑‍🔬	scientist	People & Body	person-role	scientist	0
👨‍🔬	man scientist	People & Body	person-role	man|scientist	0
👩‍🔬	woman scientist	People & Body	person-role	scientist|woman	0
🧑‍💻	technologist	People & Body	person-role	technologist	0
👨‍💻	man technologist	People & Body	person-role	man|technologist	0
👩‍💻	woman technologist	People & Body	person-role	technologist|woman	0
🧑‍🎤	singer	People & Body	person-role	singer	0
👨‍🎤	man singer	People & Body	person-role	man|singer	0
👩‍🎤	woman singer	People & Body	person-role	singer|woman	0
🧑‍🎨	artist	People & Body	person-role	artist	0
👨‍🎨	man artist	People & Body	person-role	artist|man	0
👩‍🎨	woman artist	People & Body	person-role	artist|woman	0
🧑‍✈️	pilot	People & Body	person-role	pilot	0
👨‍✈️	man pilot	People & Body	person-role	man|pilot	0
👩‍✈️	woman pilot	People & Body	person-role	pilot|woman	0
🧑‍🚀	astronaut	People & Body	person-role	astronaut	0
👨‍🚀	man astronaut	People & Body	person-role	astronaut|man	0
👩‍🚀	woman astronaut	People & Body	person-role	astronaut|woman	0
🧑‍🚒	firefighter	People & Body	person-role	firefighter	0
👨‍🚒	man firefighter	People & Body	person-role	firefighter|man	0
👩‍🚒	woman firefighter	People & Body	person-role	firefighter|woman	0
👮	police officer	People & Body	person-role	cop|officer|police	0
👮‍♂️	man police officer	People & Body	person-role	man|officer|police|policeman	0
👮‍♀️	woman police officer	People & Body	person-role	officer|police|policewoman|woman	0
🕵️	detective	People & Body	person-role	detective	0
🕵️‍♂️	man detective	People & Body	person-role	detective|male|man	0
🕵️‍♀️	woman detective	People & Body	person-role	detective|female|woman	0
💂	guard	People & Body	person-role	guard	0
💂‍♂️	man guard	People & Body	person-role	guard|guardsman|man	0
💂‍♀️	woman guard	People & Body	person-role	guard|guardswoman|woman	0
🥷	ninja	People & Body	person-role	ninja	0
👷	construction worker	People & Body	person-role	construction|worker	0
👷‍♂️	man construction worker	People & Body	person-role	construction|man|worker	0
👷‍♀️	woman construction worker	People & Body	person-role	construction|woman|worker	0
🫅	person with crown	People & Body	person-role	crown|person|with	0
🤴	prince	People & Body	person-role	prince	0
👸	princess	People & Body	person-role	princess	0
👳	person wearing turban	People & Body	person-role	person|turban|wearing|with	0
👳‍♂️	man wearing turban	People & Body	person-role	man|turban|wearing|with	0
👳‍♀️	woman wearing turban	People & Body	person-role	turban|wearing|with|woman	0
👲	person with skullcap	People & Body	person-role	gua|man|mao|person|skullcap|with	0
🧕	woman with headscarf	People & Body	person-role	headscarf|with|woman	0
🤵	person in tuxedo	People & Body	person-role	person|tuxedo	0
🤵‍♂️	man in tuxedo	People & Body	person-role	man|tuxedo	0
🤵‍♀️	woman in tuxedo	People & Body	person-role	tuxedo|woman	0
👰	person with veil	People & Body	person-role	person|veil|with	0
👰‍♂️	man with veil	People & Body	person-role	man|veil|with	0
👰‍♀️	woman with veil	People & Body	person-role	bride|veil|with|woman	0
🤰	pregnant woman	People & Body	person-role	pregnant|woman	0
🫃	pregnant man	People & Body	person-role	man|pregnant	0
🫄	pregnant person	People & Body	person-role	person|pregnant	0
🤱	breast-feeding	People & Body	person-role	breast|feeding	0
👩‍🍼	woman feeding baby	People & Body	person-role	baby|feeding|woman	0
👨‍🍼	man feeding baby	People & Body	person-role	baby|feeding|man	0
🧑‍🍼	person feeding baby	People & Body	person-role	baby|feeding|person	0
👼	baby angel	People & Body	person-fantasy	angel|baby	0
🎅	Santa Claus	People & Body	person-fantasy	claus|santa	0
🤶	Mrs. Claus	People & Body	person-fantasy	claus|mrs	0
🧑‍🎄	Mx Claus	People & Body	person-fantasy	claus	0
🦸	superhero	People & Body	person-fantasy	superhero	0
🦸‍♂️	man superhero	People & Body	person-fantasy	man|superhero	0
🦸‍♀️	woman superhero	People & Body	person-fantasy	superhero|woman	0
🦹	supervillain	People & Body	person-fantasy	supervillain	0
🦹‍♂️	man supervillain	People & Body	person-fantasy	man|supervillain	0
🦹‍♀️	woman supervillain	People & Body	person-fantasy	supervillain|woman	0
🧙	mage	People & Body	person-fantasy	mage	0
🧙‍♂️	man mage	People & Body	person-fantasy	mage|man	0
🧙‍♀️	woman mage	People & Body	person-fantasy	mage|woman	0
🧚	fairy	People & Body	person-fantasy	fairy	0
🧚‍♂️	man fairy	People & Body	person-fantasy	fairy|man	0
🧚‍♀️	woman fairy	People & Body	person-fantasy	fairy|woman	0
🧛	vampire	People & Body	person-fantasy	vampire	0
🧛‍♂️	man vampire	People & Body	person-fantasy	man|vampire	0
🧛‍♀️	woman vampire	People & Body	person-fantasy	vampire|woman	0
🧜	merperson	People & Body	person-fantasy	merperson	0
🧜‍♂️	merman	People & Body	person-fantasy	merman	0
🧜‍♀️	mermaid	People & Body	person-fantasy	mermaid	0
🧝	elf	People & Body	person-fantasy	elf	0
🧝‍♂️	man elf	People & Body	person-fantasy	elf|man	0
🧝‍♀️	woman elf	People & Body	person-fantasy	elf|woman	0
🧞	genie	People & Body	person-fantasy	genie	0
🧞‍♂️	man genie	People & Body	person-fantasy	genie|man	0
🧞‍♀️	woman genie	People & Body	person-fantasy	genie|woman	0
🧟	zombie	People & Body	person-fantasy	zombie	0
🧟‍♂️	man zombie	People & Body	person-fantasy	man|zombie	0
🧟‍♀️	woman zombie	People & Body	person-fantasy	woman|zombie	0
🧌	troll	People & Body	person-fantasy	troll	0
💆	person getting massage	People & Body	person-activity	getting|massage|person	0
💆‍♂️	man getting massage	People & Body	person-activity	getting|man|massage	0
💆‍♀️	woman getting massage	People & Body	person-activity	getting|massage|woman	0
💇	person getting haircut	People & Body	person-activity	getting|haircut|person	0
💇‍♂️	man getting haircut	People & Body	person-activity	getting|haircut|man	0
💇‍♀️	woman getting haircut	People & Body	person-activity	getting|haircut|woman	0
🚶	person walking	People & Body	person-activity	person|walking	0
🚶‍♂️	man walking	People & Body	person-activity	man|walking	0
🚶‍♀️	woman walking	People & Body	person-activity	walking|woman	0
🚶‍➡️	person walking facing right	People & Body	person-activity	facing|person|right|walking	0
🚶‍♀️‍➡️	woman walking facing right	People & Body	person-activity	facing|right|walking|woman	0
🚶‍♂️‍➡️	man walking facing right	People & Body	person-activity	facing|man|right|walking	0
🧍	person standing	People & Body	person-activity	person|standing	0
🧍‍♂️	man standing	People & Body	person-activity	man|standing	0
🧍‍♀️	woman standing	People & Body	person-activity	standing|woman	0
🧎	person kneeling	People & Body	person-activity	kneeling|person	0
🧎‍♂️	man kneeling	People & Body	person-activity	kneeling|man	0
🧎‍♀️	woman kneeling	People & Body	person-activity	kneeling|woman	0
🧎‍➡️	person kneeling facing right	People & Body	person-activity	facing|kneeling|person|right	0
🧎‍♀️‍➡️	woman kneeling facing right	People & Body	person-activity	facing|kneeling|right|woman	0
🧎‍♂️‍➡️	man kneeling facing right	People & Body	person-activity	facing|kneeling|man|right	0
🧑‍🦯	person with white cane	People & Body	person-activity	cane|person|probing|white|with	0
🧑‍🦯‍➡️	person with white cane facing right	People & Body	person-activity	cane|facing|person|right|white|with	0
👨‍🦯	man with white cane	People & Body	person-activity	cane|man|probing|white|with	0
👨‍🦯‍➡️	man with white cane facing right	People & Body	person-activity	cane|facing|man|right|white|with	0
👩‍🦯	woman with white cane	People & Body	person-activity	cane|probing|white|with|woman	0
👩‍🦯‍➡️	woman with white cane facing right	People & Body	person-activity	cane|facing|right|white|with|woman	0
🧑‍🦼	person in motorized wheelchair	People & Body	person-activity	motorized|person|wheelchair	0
🧑‍🦼‍➡️	person in motorized wheelchair facing right	People & Body	person-activity	facing|motorized|person|right|wheelchair	0
👨‍🦼	man in motorized wheelchair	People & Body	person-activity	man|motorized|wheelchair	0
👨‍🦼‍➡️	man in motorized wheelchair facing right	People & Body	person-activity	facing|man|motorized|right|wheelchair	0
👩‍🦼	woman in motorized wheelchair	People & Body	person-activity	motorized|wheelchair|woman	0
👩‍🦼‍➡️	woman in motorized wheelchair facing right	People & Body	person-activity	facing|motorized|right|wheelchair|woman	0
🧑‍🦽	person in manual wheelchair	People & Body	person-activity	manual|person|wheelchair	0
🧑‍🦽‍➡️	person in manual wheelchair facing right	People & Body	person-activity	facing|manual|person|right|wheelchair	0
👨‍🦽	man in manual wheelchair	People & Body	person-activity	man|manual|wheelchair	0
👨‍🦽‍➡️	man in manual wheelchair facing right	People & Body	person-activity	facing|man|manual|right|wheelchair	0
👩‍🦽	woman in manual wheelchair	People & Body	person-activity	manual|wheelchair|woman	0
👩‍🦽‍➡️	woman in manual wheelchair facing right	People & Body	person-activity	facing|manual|right|wheelchair|woman	0
🏃	person running	People & Body	person-activity	person|runner|running	0
🏃‍♂️	man running	People & Body	person-activity	man|running	0
🏃‍♀️	woman running	People & Body	person-activity	running|woman	0
🏃‍➡️	person running facing right	People & Body	person-activity	facing|person|right|running	0
🏃‍♀️‍➡️	woman running facing right	People & Body	person-activity	facing|right|running|woman	0
🏃‍♂️‍➡️	man running facing right	People & Body	person-activity	facing|man|right|running	0
💃	woman dancing	People & Body	person-activity	dancer|dancing|woman	0
🕺	man dancing	People & Body	person-activity	dancing|man	0
🕴️	person in suit levitating	People & Body	person-activity	business|levitating|person|suit	0
👯	people with bunny ears	People & Body	person-activity	bunny|dancers|ears|people|with	0
👯‍♂️	men with bunny ears	People & Body	person-activity	bunny|dancing|ears|men|with	0
👯‍♀️	women with bunny ears	People & Body	person-activity	bunny|dancing|ears|with|women	0
🧖	person in steamy room	People & Body	person-activity	person|room|sauna|steamy	0
🧖‍♂️	man in steamy room	People & Body	person-activity	man|room|sauna|steamy	0
🧖‍♀️	woman in steamy room	People & Body	person-activity	room|sauna|steamy|woman	0
🧗	person climbing	People & Body	person-activity	climbing|person	0
🧗‍♂️	man climbing	People & Body	person-activity	climbing|man	0
🧗‍♀️	woman climbing	People & Body	person-activity	climbing|woman	0
🤺	person fencing	People & Body	person-sport	fencing|person	0
🏇	horse racing	People & Body	person-sport	horse|racing	0
⛷️	skier	People & Body	person-sport	skier	0
🏂	snowboarder	People & Body	person-sport	snowboarder	0
🏌️	person golfing	People & Body	person-sport	golfing|person	0
🏌️‍♂️	man golfing	People & Body	person-sport	golfing|man	0
🏌️‍♀️	woman golfing	People & Body	person-sport	golfing|woman	0
🏄	person surfing	People & Body	person-sport	person|surfer|surfing	0
🏄‍♂️	man surfing	People & Body	person-sport	man|surfing	0
🏄‍♀️	woman surfing	People & Body	person-sport	surfing|woman	0
🚣	person rowing boat	People & Body	person-sport	boat|person|rowboat|rowing	0
🚣‍♂️	man rowing boat	People & Body	person-sport	boat|man|rowing	0
🚣‍♀️	woman rowing boat	People & Body	person-sport	boat|rowing|woman	0
🏊	person swimming	People & Body	person-sport	person|swimmer|swimming	0
🏊‍♂️	man swimming	People & Body	person-sport	man|swimming	0
🏊‍♀️	woman swimming	People & Body	person-sport	swimming|woman	0
⛹️	person bouncing ball	People & Body	person-sport	ball|bouncing|person	0
⛹️‍♂️	man bouncing ball	People & Body	person-sport	ball|basketball|bouncing|man	0
⛹️‍♀️	woman bouncing ball	People & Body	person-sport	ball|basketball|bouncing|woman	0
🏋️	person lifting weights	People & Body	person-sport	lifting|person|weight|weights	0
🏋️‍♂️	man lifting weights	People & Body	person-sport	lifting|man|weight|weights	0
🏋️‍♀️	woman lifting weights	People & Body	person-sport	lifting|weight|weights|woman	0
🚴	person biking	People & Body	person-sport	bicyclist|biking|person	0
🚴‍♂️	man biking	People & Body	person-sport	biking|man	0
🚴‍♀️	woman biking	People & Body	person-sport	biking|woman	0
🚵	person mountain biking	People & Body	person-sport	bicyclist|biking|mountain|person	0
🚵‍♂️	man mountain biking	People & Body	person-sport	biking|man|mountain	0
🚵‍♀️	woman mountain biking	People & Body	person-sport	biking|mountain|woman	0
🤸	person cartwheeling	People & Body	person-sport	cartwheeling|person	0
🤸‍♂️	man cartwheeling	People & Body	person-sport	cartwheeling|man	0
🤸‍♀️	woman cartwheeling	People & Body	person-sport	cartwheeling|woman	0
🤼	people wrestling	People & Body	person-sport	people|wrestling	0
🤼‍♂️	men wrestling	People & Body	person-sport	men|wrestling	0
🤼‍♀️	women wrestling	People & Body	person-sport	women|wrestling	0
🤽	person playing water polo	People & Body	person-sport	person|playing|polo|water	0
🤽‍♂️	man playing water polo	People & Body	person-sport	man|playing|polo|water	0
🤽‍♀️	woman playing water polo	People & Body	person-sport	playing|polo|water|woman	0
🤾	person playing handball	People & Body	person-sport	handball|person|playing	0
🤾‍♂️	man playing handball	People & Body	person-sport	handball|man|playing	0
🤾‍♀️	woman playing handball	People & Body	person-sport	handball|playing|woman	0
🤹	person juggling	People & Body	person-sport	juggling|person	0
🤹‍♂️	man juggling	People & Body	person-sport	juggling|man	0
🤹‍♀️	woman juggling	People & Body	person-sport	juggling|woman	0
🧘	person in lotus position	People & Body	person-resting	lotus|person|position	0
🧘‍♂️	man in lotus position	People & Body	person-resting	lotus|man|position	0
🧘‍♀️	woman in lotus position	People & Body	person-resting	lotus|position|woman	0
🛀	person taking bath	People & Body	person-resting	bath|person|taking	0
🛌	person in bed	People & Body	person-resting	bed|person|sleeping	0
🧑‍🤝‍🧑	people holding hands	People & Body	family	hands|holding|people	0
👭	women holding hands	People & Body	family	hands|holding|two|women	0
👫	woman and man holding hands	People & Body	family	and|couple|hands|holding|man|woman	0
👬	men holding hands	People & Body	family	hands|holding|men|two	0
💏	kiss	People & Body	family	couplekiss|kiss	0
👩‍❤️‍💋‍👨	kiss: woman, man	People & Body	family	couplekiss|kiss|man|woman	0
👨‍❤️‍💋‍👨	kiss: man, man	People & Body	family	couplekiss|kiss|man	0
👩‍❤️‍💋‍👩	kiss: woman, woman	People & Body	family	couplekiss|kiss|woman	0
💑	couple with heart	People & Body	family	couple|heart|with	0
👩‍❤️‍👨	couple with heart: woman, man	People & Body	family	couple|heart|man|with|woman	0
👨‍❤️‍👨	couple with heart: man, man	People & Body	family	couple|heart|man|with	0
👩‍❤️‍👩	couple with heart: woman, woman	People & Body	family	couple|heart|with|woman	0
👨‍👩‍👦	family: man, woman, boy	People & Body	family	boy|family|man|woman	0
👨‍👩‍👧	family: man, woman, girl	People & Body	family	family|girl|man|woman	0
👨‍👩‍👧‍👦	family: man, woman, girl, boy	People & Body	family	boy|family|girl|man|woman	0
👨‍👩‍👦‍👦	family: man, woman, boy, boy	People & Body	family	boy|family|man|woman	0
👨‍👩‍👧‍👧	family: man, woman, girl, girl	People & Body	family	family|girl|man|woman	0
👨‍👨‍👦	family: man, man, boy	People & Body	family	boy|family|man	0
👨‍👨‍👧	family: man, man, girl	People & Body	family	family|girl|man	0
👨‍👨‍👧‍👦	family: man, man, girl, boy	People & Body	family	boy|family|girl|man	0
👨‍👨‍👦‍👦	family: man, man, boy, boy	People & Body	family	boy|family|man	0
👨‍👨‍👧‍👧	family: man, man, girl, girl	People & Body	family	family|girl|man	0
👩‍👩‍👦	family: woman, woman, boy	People & Body	family	boy|family|woman	0
👩‍👩‍👧	family: woman, woman, girl	People & Body	family	family|girl|woman	0
👩‍👩‍👧‍👦	family: woman, woman, girl, boy	People & Body	family	boy|family|girl|woman	0
👩‍👩‍👦‍👦	family: woman, woman, boy, boy	People & Body	family	boy|family|woman	0
👩‍👩‍👧‍👧	family: woman, woman, girl, girl	People & Body	family	family|girl|woman	0
👨‍👦	family: man, boy	People & Body	family	boy|family|man	0
👨‍👦‍👦	family: man, boy, boy	People & Body	family	boy|family|man	0
👨‍👧	family: man, girl	People & Body	family	family|girl|man	0
👨‍👧‍👦	family: man, girl, boy	People & Body	family	boy|family|girl|man	0
👨‍👧‍👧	family: man, girl, girl	People & Body	family	family|girl|man	0
👩‍👦	family: woman, boy	People & Body	family	boy|family|woman	0
👩‍👦‍👦	family: woman, boy, boy	People & Body	family	boy|family|woman	0
👩‍👧	family: woman, girl	People & Body	family	family|girl|woman	0
👩‍👧‍👦	family: woman, girl, boy	People & Body	family	boy|family|girl|woman	0
👩‍👧‍👧	family: woman, girl, girl	People & Body	family	family|girl|woman	0
🗣️	speaking head	People & Body	person-symbol	head|speaking	0
👤	bust in silhouette	People & Body	person-symbol	bust|silhouette	0
👥	busts in silhouette	People & Body	person-symbol	busts|silhouette	0
🫂	people hugging	People & Body	person-symbol	hugging|people	0
👪	family	People & Body	person-symbol	family	0
🧑‍🧑‍🧒	family: adult, adult, child	People & Body	person-symbol	adult|child|family	0
🧑‍🧑‍🧒‍🧒	family: adult, adult, child, child	People & Body	person-symbol	adult|child|family	0
🧑‍🧒	family: adult, child	People & Body	person-symbol	adult|child|family	0
🧑‍🧒‍🧒	family: adult, child, child	People & Body	person-symbol	adult|child|family	0
👣	footprints	People & Body	person-symbol	footprints	0
🫆	fingerprint	People & Body	person-symbol	fingerprint	0
🐵	monkey face	Animals & Nature	animal-mammal	face|monkey	0
🐒	monkey	Animals & Nature	animal-mammal	monkey	0
🦍	gorilla	Animals & Nature	animal-mammal	gorilla	0
🦧	orangutan	Animals & Nature	animal-mammal	orangutan	0
🐶	dog face	Animals & Nature	animal-mammal	dog|face	0
🐕	dog	Animals & Nature	animal-mammal	dog|dog2	0
🦮	guide dog	Animals & Nature	animal-mammal	dog|guide	0
🐕‍🦺	service dog	Animals & Nature	animal-mammal	dog|service	0
🐩	poodle	Animals & Nature	animal-mammal	poodle	0
🐺	wolf	Animals & Nature	animal-mammal	wolf	0
🦊	fox	Animals & Nature	animal-mammal	face|fox	0
🦝	raccoon	Animals & Nature	animal-mammal	raccoon	0
🐱	cat face	Animals & Nature	animal-mammal	cat|face	0
🐈	cat	Animals & Nature	animal-mammal	cat|cat2	0
🐈‍⬛	black cat	Animals & Nature	animal-mammal	black|cat	0
🦁	lion	Animals & Nature	animal-mammal	lion	0
🐯	tiger face	Animals & Nature	animal-mammal	face|tiger	0
🐅	tiger	Animals & Nature	animal-mammal	tiger|tiger2	0
🐆	leopard	Animals & Nature	animal-mammal	leopard	0
🐴	horse face	Animals & Nature	animal-mammal	face|horse	0
🫎	moose	Animals & Nature	animal-mammal	moose	0
🫏	donkey	Animals & Nature	animal-mammal	donkey	0
🐎	horse	Animals & Nature	animal-mammal	horse|racehorse	0
🦄	unicorn	Animals & Nature	animal-mammal	unicorn	0
🦓	zebra	Animals & Nature	animal-mammal	zebra	0
🦌	deer	Animals & Nature	animal-mammal	deer	0
🦬	bison	Animals & Nature	animal-mammal	bison	0
🐮	cow face	Animals & Nature	animal-mammal	cow|face	0
🐂	ox	Animals & Nature	animal-mammal		0
🐃	water buffalo	Animals & Nature	animal-mammal	buffalo|water	0
🐄	cow	Animals & Nature	animal-mammal	cow|cow2	0
🐷	pig face	Animals & Nature	animal-mammal	face|pig	0
🐖	pig	Animals & Nature	animal-mammal	pig|pig2	0
🐗	boar	Animals & Nature	animal-mammal	boar	0
🐽	pig nose	Animals & Nature	animal-mammal	nose|pig	0
🐏	ram	Animals & Nature	animal-mammal	ram	0
🐑	ewe	Animals & Nature	animal-mammal	ewe|sheep	0
🐐	goat	Animals & Nature	animal-mammal	goat	0
🐪	camel	Animals & Nature	animal-mammal	camel|dromedary	0
🐫	two-hump camel	Animals & Nature	animal-mammal	camel|hump|two	0
🦙	llama	Animals & Nature	animal-mammal	llama	0
🦒	giraffe	Animals & Nature	animal-mammal	giraffe	0
🐘	elephant	Animals & Nature	animal-mammal	elephant	0
🦣	mammoth	Animals & Nature	animal-mammal	mammoth	0
🦏	rhinoceros	Animals & Nature	animal-mammal	rhinoceros	0
🦛	hippopotamus	Animals & Nature	animal-mammal	hippopotamus	0
🐭	mouse face	Animals & Nature	animal-mammal	face|mouse	0
🐁	mouse	Animals & Nature	animal-mammal	mouse|mouse2	0
🐀	rat	Animals & Nature	animal-mammal	rat	0
🐹	hamster	Animals & Nature	animal-mammal	hamster	0
🐰	rabbit face	Animals & Nature	animal-mammal	face|rabbit	0
🐇	rabbit	Animals & Nature	animal-mammal	rabbit|rabbit2	0
🐿️	chipmunk	Animals & Nature	animal-mammal	chipmunk	0
🦫	beaver	Animals & Nature	animal-mammal	beaver	0
🦔	hedgehog	Animals & Nature	animal-mammal	hedgehog	0
🦇	bat	Animals & Nature	animal-mammal	bat	0
🐻	bear	Animals & Nature	animal-mammal	bear	0
🐻‍❄️	polar bear	Animals & Nature	animal-mammal	bear|polar	0
🐨	koala	Animals & Nature	animal-mammal	koala	0
🐼	panda	Animals & Nature	animal-mammal	face|panda	0
🦥	sloth	Animals & Nature	animal-mammal	sloth	0
🦦	otter	Animals & Nature	animal-mammal	otter	0
🦨	skunk	Animals & Nature	animal-mammal	skunk	0
🦘	kangaroo	Animals & Nature	animal-mammal	kangaroo	0
🦡	badger	Animals & Nature	animal-mammal	badger	0
🐾	paw prints	Animals & Nature	animal-mammal	feet|paw|prints	0
🦃	turkey	Animals & Nature	animal-bird	turkey	0
🐔	chicken	Animals & Nature	animal-bird	chicken	0
🐓	rooster	Animals & Nature	animal-bird	rooster	0
🐣	hatching chick	Animals & Nature	animal-bird	chick|hatching	0
🐤	baby chick	Animals & Nature	animal-bird	baby|chick	0
🐥	front-facing baby chick	Animals & Nature	animal-bird	baby|chick|facing|front|hatched	0
🐦	bird	Animals & Nature	animal-bird	bird	0
🐧	penguin	Animals & Nature	animal-bird	penguin	0
🕊️	dove	Animals & Nature	animal-bird	dove	0
🦅	eagle	Animals & Nature	animal-bird	eagle	0
🦆	duck	Animals & Nature	animal-bird	duck	0
🦢	swan	Animals & Nature	animal-bird	swan	0
🦉	owl	Animals & Nature	animal-bird	owl	0
🦤	dodo	Animals & Nature	animal-bird	dodo	0
🪶	feather	Animals & Nature	animal-bird	feather	0
🦩	flamingo	Animals & Nature	animal-bird	flamingo	0
🦚	peacock	Animals & Nature	animal-bird	peacock	0
🦜	parrot	Animals & Nature	animal-bird	parrot	0
🪽	wing	Animals & Nature	animal-bird	wing	0
🐦‍⬛	black bird	Animals & Nature	animal-bird	bird|black	0
🪿	goose	Animals & Nature	animal-bird	goose	0
🐦‍🔥	phoenix	Animals & Nature	animal-bird	phoenix	0
🐸	frog	Animals & Nature	animal-amphibian	frog	0
🐊	crocodile	Animals & Nature	animal-reptile	crocodile	0
🐢	turtle	Animals & Nature	animal-reptile	turtle	0
🦎	lizard	Animals & Nature	animal-reptile	lizard	0
🐍	snake	Animals & Nature	animal-reptile	snake	0
🐲	dragon face	Animals & Nature	animal-reptile	dragon|face	0
🐉	dragon	Animals & Nature	animal-reptile	dragon	0
🦕	sauropod	Animals & Nature	animal-reptile	sauropod	0
🦖	T-Rex	Animals & Nature	animal-reptile	rex	0
🐳	spouting whale	Animals & Nature	animal-marine	spouting|whale	0
🐋	whale	Animals & Nature	animal-marine	whale|whale2	0
🐬	dolphin	Animals & Nature	animal-marine	dolphin|flipper	0
🦭	seal	Animals & Nature	animal-marine	seal	0
🐟	fish	Animals & Nature	animal-marine	fish	0
🐠	tropical fish	Animals & Nature	animal-marine	fish|tropical	0
🐡	blowfish	Animals & Nature	animal-marine	blowfish	0
🦈	shark	Animals & Nature	animal-marine	shark	0
🐙	octopus	Animals & Nature	animal-marine	octopus	0
🐚	spiral shell	Animals & Nature	animal-marine	shell|spiral	0
🪸	coral	Animals & Nature	animal-marine	coral	0
🪼	jellyfish	Animals & Nature	animal-marine	jellyfish	0
🦀	crab	Animals & Nature	animal-marine	crab	0
🦞	lobster	Animals & Nature	animal-marine	lobster	0
🦐	shrimp	Animals & Nature	animal-marine	shrimp	0
🦑	squid	Animals & Nature	animal-marine	squid	0
🦪	oyster	Animals & Nature	animal-marine	oyster	0
🐌	snail	Animals & Nature	animal-bug	snail	0
🦋	butterfly	Animals & Nature	animal-bug	butterfly	0
🐛	bug	Animals & Nature	animal-bug	bug	0
🐜	ant	Animals & Nature	animal-bug	ant	0
🐝	honeybee	Animals & Nature	animal-bug	bee|honeybee	0
🪲	beetle	Animals & Nature	animal-bug	beetle	0
🐞	lady beetle	Animals & Nature	animal-bug	beetle|lady	0
🦗	cricket	Animals & Nature	animal-bug	cricket	0
🪳	cockroach	Animals & Nature	animal-bug	cockroach	0
🕷️	spider	Animals & Nature	animal-bug	spider	0
🕸️	spider web	Animals & Nature	animal-bug	spider|web	0
🦂	scorpion	Animals & Nature	animal-bug	scorpion	0
🦟	mosquito	Animals & Nature	animal-bug	mosquito	0
🪰	fly	Animals & Nature	animal-bug	fly	0
🪱	worm	Animals & Nature	animal-bug	worm	0
🦠	microbe	Animals & Nature	animal-bug	microbe	0
💐	bouquet	Animals & Nature	plant-flower	bouquet	0
🌸	cherry blossom	Animals & Nature	plant-flower	blossom|cherry	0
💮	white flower	Animals & Nature	plant-flower	flower|white	0
🪷	lotus	Animals & Nature	plant-flower	lotus	0
🏵️	rosette	Animals & Nature	plant-flower	rosette	0
🌹	rose	Animals & Nature	plant-flower	rose	0
🥀	wilted flower	Animals & Nature	plant-flower	flower|wilted	0
🌺	hibiscus	Animals & Nature	plant-flower	hibiscus	0
🌻	sunflower	Animals & Nature	plant-flower	sunflower	0
🌼	blossom	Animals & Nature	plant-flower	blossom	0
🌷	tulip	Animals & Nature	plant-flower	tulip	0
🪻	hyacinth	Animals & Nature	plant-flower	hyacinth	0
🌱	seedling	Animals & Nature	plant-other	seedling	0
🪴	potted plant	Animals & Nature	plant-other	plant|potted	0
🌲	evergreen tree	Animals & Nature	plant-other	evergreen|tree	0
🌳	deciduous tree	Animals & Nature	plant-other	deciduous|tree	0
🌴	palm tree	Animals & Nature	plant-other	palm|tree	0
🌵	cactus	Animals & Nature	plant-other	cactus	0
🌾	sheaf of rice	Animals & Nature	plant-other	ear|rice|sheaf	0
🌿	herb	Animals & Nature	plant-other	herb	0
☘️	shamrock	Animals & Nature	plant-other	shamrock	0
🍀	four leaf clover	Animals & Nature	plant-other	clover|four|leaf	0
🍁	maple leaf	Animals & Nature	plant-other	leaf|maple	0
🍂	fallen leaf	Animals & Nature	plant-other	fallen|leaf	0
🍃	leaf fluttering in wind	Animals & Nature	plant-other	fluttering|leaf|leaves|wind	0
🪹	empty nest	Animals & Nature	plant-other	empty|nest	0
🪺	nest with eggs	Animals & Nature	plant-other	eggs|nest|with	0
🍄	mushroom	Animals & Nature	plant-other	mushroom	0
🪾	leafless tree	Animals & Nature	plant-other	leafless|tree	0
🍇	grapes	Food & Drink	food-fruit	grapes	0
🍈	melon	Food & Drink	food-fruit	melon	0
🍉	watermelon	Food & Drink	food-fruit	watermelon	0
🍊	tangerine	Food & Drink	food-fruit	mandarin|orange|tangerine	0
🍋	lemon	Food & Drink	food-fruit	lemon	0
🍋‍🟩	lime	Food & Drink	food-fruit	lime	0
🍌	banana	Food & Drink	food-fruit	banana	0
🍍	pineapple	Food & Drink	food-fruit	pineapple	0
🥭	mango	Food & Drink	food-fruit	mango	0
🍎	red apple	Food & Drink	food-fruit	apple|red	0
🍏	green apple	Food & Drink	food-fruit	apple|green	0
🍐	pear	Food & Drink	food-fruit	pear	0
🍑	peach	Food & Drink	food-fruit	peach	0
🍒	cherries	Food & Drink	food-fruit	cherries	0
🍓	strawberry	Food & Drink	food-fruit	strawberry	0
🫐	blueberries	Food & Drink	food-fruit	blueberries	0
🥝	kiwi fruit	Food & Drink	food-fruit	fruit|kiwi	0
🍅	tomato	Food & Drink	food-fruit	tomato	0
🫒	olive	Food & Drink	food-fruit	olive	0
🥥	coconut	Food & Drink	food-fruit	coconut	0
🥑	avocado	Food & Drink	food-vegetable	avocado	0
🍆	eggplant	Food & Drink	food-vegetable	eggplant	0
🥔	potato	Food & Drink	food-vegetable	potato	0
🥕	carrot	Food & Drink	food-vegetable	carrot	0
🌽	ear of corn	Food & Drink	food-vegetable	corn|ear	0
🌶️	hot pepper	Food & Drink	food-vegetable	hot|pepper	0
🫑	bell pepper	Food & Drink	food-vegetable	bell|pepper	0
🥒	cucumber	Food & Drink	food-vegetable	cucumber	0
🥬	leafy green	Food & Drink	food-vegetable	green|leafy	0
🥦	broccoli	Food & Drink	food-vegetable	broccoli	0
🧄	garlic	Food & Drink	food-vegetable	garlic	0
🧅	onion	Food & Drink	food-vegetable	onion	0
🥜	peanuts	Food & Drink	food-vegetable	peanuts	0
🫘	beans	Food & Drink	food-vegetable	beans	0
🌰	chestnut	Food & Drink	food-vegetable	chestnut	0
🫚	ginger root	Food & Drink	food-vegetable	ginger|root	0
🫛	pea pod	Food & Drink	food-vegetable	pea|pod	0
🍄‍🟫	brown mushroom	Food & Drink	food-vegetable	brown|mushroom	0
🫜	root vegetable	Food & Drink	food-vegetable	root|vegetable	0
🍞	bread	Food & Drink	food-prepared	bread	0
🥐	croissant	Food & Drink	food-prepared	croissant	0
🥖	baguette bread	Food & Drink	food-prepared	baguette|bread	0
🫓	flatbread	Food & Drink	food-prepared	flatbread	0
🥨	pretzel	Food & Drink	food-prepared	pretzel	0
🥯	bagel	Food & Drink	food-prepared	bagel	0
🥞	pancakes	Food & Drink	food-prepared	pancakes	0
🧇	waffle	Food & Drink	food-prepared	waffle	0
🧀	cheese wedge	Food & Drink	food-prepared	cheese|wedge	0
🍖	meat on bone	Food & Drink	food-prepared	bone|meat	0
🍗	poultry leg	Food & Drink	food-prepared	leg|poultry	0
🥩	cut of meat	Food & Drink	food-prepared	cut|meat	0
🥓	bacon	Food & Drink	food-prepared	bacon	0
🍔	hamburger	Food & Drink	food-prepared	hamburger	0
🍟	french fries	Food & Drink	food-prepared	french|fries	0
🍕	pizza	Food & Drink	food-prepared	pizza	0
🌭	hot dog	Food & Drink	food-prepared	dog|hot|hotdog	0
🥪	sandwich	Food & Drink	food-prepared	sandwich	0
🌮	taco	Food & Drink	food-prepared	taco	0
🌯	burrito	Food & Drink	food-prepared	burrito	0
🫔	tamale	Food & Drink	food-prepared	tamale	0
🥙	stuffed flatbread	Food & Drink	food-prepared	flatbread|stuffed	0
🧆	falafel	Food & Drink	food-prepared	falafel	0
🥚	egg	Food & Drink	food-prepared	egg	0
🍳	cooking	Food & Drink	food-prepared	cooking|egg|fried	0
🥘	shallow pan of food	Food & Drink	food-prepared	food|pan|shallow	0
🍲	pot of food	Food & Drink	food-prepared	food|pot|stew	0
🫕	fondue	Food & Drink	food-prepared	fondue	0
🥣	bowl with spoon	Food & Drink	food-prepared	bowl|spoon|with	0
🥗	green salad	Food & Drink	food-prepared	green|salad	0
🍿	popcorn	Food & Drink	food-prepared	popcorn	0
🧈	butter	Food & Drink	food-prepared	butter	0
🧂	salt	Food & Drink	food-prepared	salt	0
🥫	canned food	Food & Drink	food-prepared	canned|food	0
🍱	bento box	Food & Drink	food-asian	bento|box	0
🍘	rice cracker	Food & Drink	food-asian	cracker|rice	0
🍙	rice ball	Food & Drink	food-asian	ball|rice	0
🍚	cooked rice	Food & Drink	food-asian	cooked|rice	0
🍛	curry rice	Food & Drink	food-asian	curry|rice	0
🍜	steaming bowl	Food & Drink	food-asian	bowl|ramen|steaming	0
🍝	spaghetti	Food & Drink	food-asian	spaghetti	0
🍠	roasted sweet potato	Food & Drink	food-asian	potato|roasted|sweet	0
🍢	oden	Food & Drink	food-asian	oden	0
🍣	sushi	Food & Drink	food-asian	sushi	0
🍤	fried shrimp	Food & Drink	food-asian	fried|shrimp	0
🍥	fish cake with swirl	Food & Drink	food-asian	cake|fish|swirl|with	0
🥮	moon cake	Food & Drink	food-asian	cake|moon	0
🍡	dango	Food & Drink	food-asian	dango	0
🥟	dumpling	Food & Drink	food-asian	dumpling	0
🥠	fortune cookie	Food & Drink	food-asian	cookie|fortune	0
🥡	takeout box	Food & Drink	food-asian	box|takeout	0
🍦	soft ice cream	Food & Drink	food-sweet	cream|ice|icecream|soft	0
🍧	shaved ice	Food & Drink	food-sweet	ice|shaved	0
🍨	ice cream	Food & Drink	food-sweet	cream|ice	0
🍩	doughnut	Food & Drink	food-sweet	doughnut	0
🍪	cookie	Food & Drink	food-sweet	cookie	0
🎂	birthday cake	Food & Drink	food-sweet	birthday|cake	0
🍰	shortcake	Food & Drink	food-sweet	cake|shortcake	0
🧁	cupcake	Food & Drink	food-sweet	cupcake	0
🥧	pie	Food & Drink	food-sweet	pie	0
🍫	chocolate bar	Food & Drink	food-sweet	bar|chocolate	0
🍬	candy	Food & Drink	food-sweet	candy	0
🍭	lollipop	Food & Drink	food-sweet	lollipop	0
🍮	custard	Food & Drink	food-sweet	custard	0
🍯	honey pot	Food & Drink	food-sweet	honey|pot	0
🍼	baby bottle	Food & Drink	drink	baby|bottle	0
🥛	glass of milk	Food & Drink	drink	glass|milk	0
☕	hot beverage	Food & Drink	drink	beverage|coffee|hot	0
🫖	teapot	Food & Drink	drink	teapot	0
🍵	teacup without handle	Food & Drink	drink	handle|tea|teacup|without	0
🍶	sake	Food & Drink	drink	sake	0
🍾	bottle with popping cork	Food & Drink	drink	bottle|champagne|cork|popping|with	0
🍷	wine glass	Food & Drink	drink	glass|wine	0
🍸	cocktail glass	Food & Drink	drink	cocktail|glass	0
🍹	tropical drink	Food & Drink	drink	drink|tropical	0
🍺	beer mug	Food & Drink	drink	beer|mug	0
🍻	clinking beer mugs	Food & Drink	drink	beer|beers|clinking|mugs	0
🥂	clinking glasses	Food & Drink	drink	clinking|glasses	0
🥃	tumbler glass	Food & Drink	drink	glass|tumbler	0
🫗	pouring liquid	Food & Drink	drink	liquid|pouring	0
🥤	cup with straw	Food & Drink	drink	cup|straw|with	0
🧋	bubble tea	Food & Drink	drink	bubble|tea	0
🧃	beverage box	Food & Drink	drink	beverage|box	0
🧉	mate	Food & Drink	drink	mate	0
🧊	ice	Food & Drink	drink	cube|ice	0
🥢	chopsticks	Food & Drink	dishware	chopsticks	0
🍽️	fork and knife with plate	Food & Drink	dishware	and|cutlery|fork|knife|plate|with	0
🍴	fork and knife	Food & Drink	dishware	and|fork|knife	0
🥄	spoon	Food & Drink	dishware	spoon	0
🔪	kitchen knife	Food & Drink	dishware	hocho|kitchen|knife	0
🫙	jar	Food & Drink	dishware	jar	0
🏺	amphora	Food & Drink	dishware	amphora	0
🌍	globe showing Europe-Africa	Travel & Places	place-map	africa|earth|europe|globe|showing	0
🌎	globe showing Americas	Travel & Places	place-map	americas|earth|globe|showing	0
🌏	globe showing Asia-Australia	Travel & Places	place-map	asia|australia|earth|globe|showing	0
🌐	globe with meridians	Travel & Places	place-map	globe|meridians|with	0
🗺️	world map	Travel & Places	place-map	map|world	0
🗾	map of Japan	Travel & Places	place-map	japan|map	0
🧭	compass	Travel & Places	place-map	compass	0
🏔️	snow-capped mountain	Travel & Places	place-geographic	capped|mountain|snow	0
⛰️	mountain	Travel & Places	place-geographic	mountain	0
🌋	volcano	Travel & Places	place-geographic	volcano	0
🗻	mount fuji	Travel & Places	place-geographic	fuji|mount	0
🏕️	camping	Travel & Places	place-geographic	camping	0
🏖️	beach with umbrella	Travel & Places	place-geographic	beach|umbrella|with	0
🏜️	desert	Travel & Places	place-geographic	desert	0
🏝️	desert island	Travel & Places	place-geographic	desert|island	0
🏞️	national park	Travel & Places	place-geographic	national|park	0
🏟️	stadium	Travel & Places	place-building	stadium	0
🏛️	classical building	Travel & Places	place-building	building|classical	0
🏗️	building construction	Travel & Places	place-building	building|construction	0
🧱	brick	Travel & Places	place-building	brick|bricks	0
🪨	rock	Travel & Places	place-building	rock	0
🪵	wood	Travel & Places	place-building	wood	0
🛖	hut	Travel & Places	place-building	hut	0
🏘️	houses	Travel & Places	place-building	houses	0
🏚️	derelict house	Travel & Places	place-building	derelict|house	0
🏠	house	Travel & Places	place-building	house	0
🏡	house with garden	Travel & Places	place-building	garden|house|with	0
🏢	office building	Travel & Places	place-building	building|office	0
🏣	Japanese post office	Travel & Places	place-building	japanese|office|post	0
🏤	post office	Travel & Places	place-building	european|office|post	0
🏥	hospital	Travel & Places	place-building	hospital	0
🏦	bank	Travel & Places	place-building	bank	0
🏨	hotel	Travel & Places	place-building	hotel	0
🏩	love hotel	Travel & Places	place-building	hotel|love	0
🏪	convenience store	Travel & Places	place-building	convenience|store	0
🏫	school	Travel & Places	place-building	school	0
🏬	department store	Travel & Places	place-building	department|store	0
🏭	factory	Travel & Places	place-building	factory	0
🏯	Japanese castle	Travel & Places	place-building	castle|japanese	0
🏰	castle	Travel & Places	place-building	castle|european	0
💒	wedding	Travel & Places	place-building	wedding	0
🗼	Tokyo tower	Travel & Places	place-building	tokyo|tower	0
🗽	Statue of Liberty	Travel & Places	place-building	liberty|statue	0
⛪	church	Travel & Places	place-religious	church	0
🕌	mosque	Travel & Places	place-religious	mosque	0
🛕	hindu temple	Travel & Places	place-religious	hindu|temple	0
🕍	synagogue	Travel & Places	place-religious	synagogue	0
⛩️	shinto shrine	Travel & Places	place-religious	shinto|shrine	0
🕋	kaaba	Travel & Places	place-religious	kaaba	0
⛲	fountain	Travel & Places	place-other	fountain	0
⛺	tent	Travel & Places	place-other	tent	0
🌁	foggy	Travel & Places	place-other	foggy	0
🌃	night with stars	Travel & Places	place-other	night|stars|with	0
🏙️	cityscape	Travel & Places	place-other	cityscape	0
🌄	sunrise over mountains	Travel & Places	place-other	mountains|over|sunrise	0
🌅	sunrise	Travel & Places	place-other	sunrise	0
🌆	cityscape at dusk	Travel & Places	place-other	city|cityscape|dusk|sunset	0
🌇	sunset	Travel & Places	place-other	city|sunrise|sunset	0
🌉	bridge at night	Travel & Places	place-other	bridge|night	0
♨️	hot springs	Travel & Places	place-other	hot|hotsprings|springs	0
🎠	carousel horse	Travel & Places	place-other	carousel|horse	0
🛝	playground slide	Travel & Places	place-other	playground|slide	0
🎡	ferris wheel	Travel & Places	place-other	ferris|wheel	0
🎢	roller coaster	Travel & Places	place-other	coaster|roller	0
💈	barber pole	Travel & Places	place-other	barber|pole	0
🎪	circus tent	Travel & Places	place-other	circus|tent	0
🚂	locomotive	Travel & Places	transport-ground	locomotive|steam	0
🚃	railway car	Travel & Places	transport-ground	car|railway	0
🚄	high-speed train	Travel & Places	transport-ground	bullettrain|high|side|speed|train	0
🚅	bullet train	Travel & Places	transport-ground	bullet|bullettrain|front|train	0
🚆	train	Travel & Places	transport-ground	train|train2	0
🚇	metro	Travel & Places	transport-ground	metro	0
🚈	light rail	Travel & Places	transport-ground	light|rail	0
🚉	station	Travel & Places	transport-ground	station	0
🚊	tram	Travel & Places	transport-ground	tram	0
🚝	monorail	Travel & Places	transport-ground	monorail	0
🚞	mountain railway	Travel & Places	transport-ground	mountain|railway	0
🚋	tram car	Travel & Places	transport-ground	car|train|tram	0
🚌	bus	Travel & Places	transport-ground	bus	0
🚍	oncoming bus	Travel & Places	transport-ground	bus|oncoming	0
🚎	trolleybus	Travel & Places	transport-ground	trolleybus	0
🚐	minibus	Travel & Places	transport-ground	minibus	0
🚑	ambulance	Travel & Places	transport-ground	ambulance	0
🚒	fire engine	Travel & Places	transport-ground	engine|fire	0
🚓	police car	Travel & Places	transport-ground	car|police	0
🚔	oncoming police car	Travel & Places	transport-ground	car|oncoming|police	0
🚕	taxi	Travel & Places	transport-ground	taxi	0
🚖	oncoming taxi	Travel & Places	transport-ground	oncoming|taxi	0
🚗	automobile	Travel & Places	transport-ground	automobile|car|red	0
🚘	oncoming automobile	Travel & Places	transport-ground	automobile|oncoming	0
🚙	sport utility vehicle	Travel & Places	transport-ground	blue|car|sport|utility|vehicle	0
🛻	pickup truck	Travel & Places	transport-ground	pickup|truck	0
🚚	delivery truck	Travel & Places	transport-ground	delivery|truck	0
🚛	articulated lorry	Travel & Places	transport-ground	articulated|lorry	0
🚜	tractor	Travel & Places	transport-ground	tractor	0
🏎️	racing car	Travel & Places	transport-ground	car|racing	0
🏍️	motorcycle	Travel & Places	transport-ground	motorcycle	0
🛵	motor scooter	Travel & Places	transport-ground	motor|scooter	0
🦽	manual wheelchair	Travel & Places	transport-ground	manual|wheelchair	0
🦼	motorized wheelchair	Travel & Places	transport-ground	motorized|wheelchair	0
🛺	auto rickshaw	Travel & Places	transport-ground	auto|rickshaw	0
🚲	bicycle	Travel & Places	transport-ground	bicycle|bike	0
🛴	kick scooter	Travel & Places	transport-ground	kick|scooter	0
🛹	skateboard	Travel & Places	transport-ground	skateboard	0
🛼	roller skate	Travel & Places	transport-ground	roller|skate	0
🚏	bus stop	Travel & Places	transport-ground	bus|busstop|stop	0
🛣️	motorway	Travel & Places	transport-ground	motorway	0
🛤️	railway track	Travel & Places	transport-ground	railway|track	0
🛢️	oil drum	Travel & Places	transport-ground	drum|oil	0
⛽	fuel pump	Travel & Places	transport-ground	fuel|fuelpump|pump	0
🛞	wheel	Travel & Places	transport-ground	wheel	0
🚨	police car light	Travel & Places	transport-ground	car|light|police|rotating	0
🚥	horizontal traffic light	Travel & Places	transport-ground	horizontal|light|traffic	0
🚦	vertical traffic light	Travel & Places	transport-ground	light|traffic|vertical	0
🛑	stop sign	Travel & Places	transport-ground	sign|stop	0
🚧	construction	Travel & Places	transport-ground	construction	0
⚓	anchor	Travel & Places	transport-water	anchor	0
🛟	ring buoy	Travel & Places	transport-water	buoy|ring	0
⛵	sailboat	Travel & Places	transport-water	boat|sailboat	0
🛶	canoe	Travel & Places	transport-water	canoe	0
🚤	speedboat	Travel & Places	transport-water	speedboat	0
🛳️	passenger ship	Travel & Places	transport-water	passenger|ship	0
⛴️	ferry	Travel & Places	transport-water	ferry	0
🛥️	motor boat	Travel & Places	transport-water	boat|motor	0
🚢	ship	Travel & Places	transport-water	ship	0
✈️	airplane	Travel & Places	transport-air	airplane	0
🛩️	small airplane	Travel & Places	transport-air	airplane|small	0
🛫	airplane departure	Travel & Places	transport-air	airplane|departure|flight	0
🛬	airplane arrival	Travel & Places	transport-air	airplane|arrival|flight	0
🪂	parachute	Travel & Places	transport-air	parachute	0
💺	seat	Travel & Places	transport-air	seat	0
🚁	helicopter	Travel & Places	transport-air	helicopter	0
🚟	suspension railway	Travel & Places	transport-air	railway|suspension	0
🚠	mountain cableway	Travel & Places	transport-air	cableway|mountain	0
🚡	aerial tramway	Travel & Places	transport-air	aerial|tramway	0
🛰️	satellite	Travel & Places	transport-air	artificial|satellite	0
🚀	rocket	Travel & Places	transport-air	rocket	0
🛸	flying saucer	Travel & Places	transport-air	flying|saucer	0
🛎️	bellhop bell	Travel & Places	hotel	bell|bellhop	0
🧳	luggage	Travel & Places	hotel	luggage	0
⌛	hourglass done	Travel & Places	time	done|hourglass	0
⏳	hourglass not done	Travel & Places	time	done|flowing|hourglass|not|sand	0
⌚	watch	Travel & Places	time	watch	0
⏰	alarm clock	Travel & Places	time	alarm|clock	0
⏱️	stopwatch	Travel & Places	time	stopwatch	0
⏲️	timer clock	Travel & Places	time	clock|timer	0
🕰️	mantelpiece clock	Travel & Places	time	clock|mantelpiece	0
🕛	twelve o’clock	Travel & Places	time	clock|clock12|twelve	0
🕧	twelve-thirty	Travel & Places	time	clock1230|thirty|twelve	0
🕐	one o’clock	Travel & Places	time	clock|clock1|one	0
🕜	one-thirty	Travel & Places	time	clock130|one|thirty	0
🕑	two o’clock	Travel & Places	time	clock|clock2|two	0
🕝	two-thirty	Travel & Places	time	clock230|thirty|two	0
🕒	three o’clock	Travel & Places	time	clock|clock3|three	0
🕞	three-thirty	Travel & Places	time	clock330|thirty|three	0
🕓	four o’clock	Travel & Places	time	clock|clock4|four	0
🕟	four-thirty	Travel & Places	time	clock430|four|thirty	0
🕔	five o’clock	Travel & Places	time	clock|clock5|five	0
🕠	five-thirty	Travel & Places	time	clock530|five|thirty	0
🕕	six o’clock	Travel & Places	time	clock|clock6|six	0
🕡	six-thirty	Travel & Places	time	clock630|six|thirty	0
🕖	seven o’clock	Travel & Places	time	clock|clock7|seven	0
🕢	seven-thirty	Travel & Places	time	clock730|seven|thirty	0
🕗	eight o’clock	Travel & Places	time	clock|clock8|eight	0
🕣	eight-thirty	Travel & Places	time	clock830|eight|thirty	0
🕘	nine o’clock	Travel & Places	time	clock|clock9|nine	0
🕤	nine-thirty	Travel & Places	time	clock930|nine|thirty	0
🕙	ten o’clock	Travel & Places	time	clock|clock10|ten	0
🕥	ten-thirty	Travel & Places	time	clock1030|ten|thirty	0
🕚	eleven o’clock	Travel & Places	time	clock|clock11|eleven	0
🕦	eleven-thirty	Travel & Places	time	clock1130|eleven|thirty	0
🌑	new moon	Travel & Places	sky & weather	moon|new	0
🌒	waxing crescent moon	Travel & Places	sky & weather	crescent|moon|waxing	0
🌓	first quarter moon	Travel & Places	sky & weather	first|moon|quarter	0
🌔	waxing gibbous moon	Travel & Places	sky & weather	gibbous|moon|waxing	0
🌕	full moon	Travel & Places	sky & weather	full|moon	0
🌖	waning gibbous moon	Travel & Places	sky & weather	gibbous|moon|waning	0
🌗	last quarter moon	Travel & Places	sky & weather	last|moon|quarter	0
🌘	waning crescent moon	Travel & Places	sky & weather	crescent|moon|waning	0
🌙	crescent moon	Travel & Places	sky & weather	crescent|moon	0
🌚	new moon face	Travel & Places	sky & weather	face|moon|new|with	0
🌛	first quarter moon face	Travel & Places	sky & weather	face|first|moon|quarter|with	0
🌜	last quarter moon face	Travel & Places	sky & weather	face|last|moon|quarter|with	0
🌡️	thermometer	Travel & Places	sky & weather	thermometer	0
☀️	sun	Travel & Places	sky & weather	sun|sunny	0
🌝	full moon face	Travel & Places	sky & weather	face|full|moon|with	0
🌞	sun with face	Travel & Places	sky & weather	face|sun|with	0
🪐	ringed planet	Travel & Places	sky & weather	planet|ringed	0
⭐	star	Travel & Places	sky & weather	star	0
🌟	glowing star	Travel & Places	sky & weather	glowing|star|star2	0
🌠	shooting star	Travel & Places	sky & weather	shooting|star|stars	0
🌌	milky way	Travel & Places	sky & weather	milky|way	0
☁️	cloud	Travel & Places	sky & weather	cloud	0
⛅	sun behind cloud	Travel & Places	sky & weather	behind|cloud|partly|sun|sunny	0
⛈️	cloud with lightning and rain	Travel & Places	sky & weather	and|cloud|lightning|rain|with	0
🌤️	sun behind small cloud	Travel & Places	sky & weather	behind|cloud|small|sun	0
🌥️	sun behind large cloud	Travel & Places	sky & weather	behind|cloud|large|sun	0
🌦️	sun behind rain cloud	Travel & Places	sky & weather	behind|cloud|rain|sun	0
🌧️	cloud with rain	Travel & Places	sky & weather	cloud|rain|with	0
🌨️	cloud with snow	Travel & Places	sky & weather	cloud|snow|with	0
🌩️	cloud with lightning	Travel & Places	sky & weather	cloud|lightning|with	0
🌪️	tornado	Travel & Places	sky & weather	tornado	0
🌫️	fog	Travel & Places	sky & weather	fog	0
🌬️	wind face	Travel & Places	sky & weather	face|wind	0
🌀	cyclone	Travel & Places	sky & weather	cyclone	0
🌈	rainbow	Travel & Places	sky & weather	rainbow	0
🌂	closed umbrella	Travel & Places	sky & weather	closed|umbrella	0
☂️	umbrella	Travel & Places	sky & weather	open|umbrella	0
☔	umbrella with rain drops	Travel & Places	sky & weather	drops|rain|umbrella|with	0
⛱️	umbrella on ground	Travel & Places	sky & weather	ground|parasol|umbrella	0
⚡	high voltage	Travel & Places	sky & weather	high|voltage|zap	0
❄️	snowflake	Travel & Places	sky & weather	snowflake	0
☃️	snowman	Travel & Places	sky & weather	snow|snowman|with	0
⛄	snowman without snow	Travel & Places	sky & weather	snow|snowman|without	0
☄️	comet	Travel & Places	sky & weather	comet	0
🔥	fire	Travel & Places	sky & weather	cool|fire|flame|lit	0
💧	droplet	Travel & Places	sky & weather	droplet	0
🌊	water wave	Travel & Places	sky & weather	ocean|water|wave	0
🎃	jack-o-lantern	Activities	event	jack|lantern	0
🎄	Christmas tree	Activities	event	christmas|tree	0
🎆	fireworks	Activities	event	fireworks	0
🎇	sparkler	Activities	event	sparkler	0
🧨	firecracker	Activities	event	firecracker	0
✨	sparkles	Activities	event	sparkles	0
🎈	balloon	Activities	event	balloon	0
🎉	party popper	Activities	event	party|popper|tada	0
🎊	confetti ball	Activities	event	ball|confetti	0
🎋	tanabata tree	Activities	event	tanabata|tree	0
🎍	pine decoration	Activities	event	bamboo|decoration|pine	0
🎎	Japanese dolls	Activities	event	dolls|japanese	0
🎏	carp streamer	Activities	event	carp|flags|streamer	0
🎐	wind chime	Activities	event	chime|wind	0
🎑	moon viewing ceremony	Activities	event	ceremony|moon|rice|scene|viewing	0
🧧	red envelope	Activities	event	envelope|red	0
🎀	ribbon	Activities	event	ribbon	0
🎁	wrapped gift	Activities	event	gift|wrapped	0
🎗️	reminder ribbon	Activities	event	reminder|ribbon	0
🎟️	admission tickets	Activities	event	admission|tickets	0
🎫	ticket	Activities	event	ticket	0
🎖️	military medal	Activities	award-medal	medal|military	0
🏆	trophy	Activities	award-medal	trophy	0
🏅	sports medal	Activities	award-medal	medal|sports	0
🥇	1st place medal	Activities	award-medal	1st|medal|place	0
🥈	2nd place medal	Activities	award-medal	2nd|medal|place	0
🥉	3rd place medal	Activities	award-medal	3rd|medal|place	0
⚽	soccer ball	Activities	sport	ball|soccer	0
⚾	baseball	Activities	sport	baseball	0
🥎	softball	Activities	sport	softball	0
🏀	basketball	Activities	sport	basketball	0
🏐	volleyball	Activities	sport	volleyball	0
🏈	american football	Activities	sport	american|football	0
🏉	rugby football	Activities	sport	football|rugby	0
🎾	tennis	Activities	sport	tennis	0
🥏	flying disc	Activities	sport	disc|flying	0
🎳	bowling	Activities	sport	bowling	0
🏏	cricket game	Activities	sport	cricket|game	0
🏑	field hockey	Activities	sport	field|hockey	0
🏒	ice hockey	Activities	sport	hockey|ice	0
🥍	lacrosse	Activities	sport	lacrosse	0
🏓	ping pong	Activities	sport	ping|pong	0
🏸	badminton	Activities	sport	badminton	0
🥊	boxing glove	Activities	sport	boxing|glove	0
🥋	martial arts uniform	Activities	sport	arts|martial|uniform	0
🥅	goal net	Activities	sport	goal|net	0
⛳	flag in hole	Activities	sport	flag|golf|hole	0
⛸️	ice skate	Activities	sport	ice|skate	0
🎣	fishing pole	Activities	sport	and|fish|fishing|pole	0
🤿	diving mask	Activities	sport	diving|mask	0
🎽	running shirt	Activities	sport	running|sash|shirt|with	0
🎿	skis	Activities	sport	ski|skis	0
🛷	sled	Activities	sport	sled	0
🥌	curling stone	Activities	sport	curling|stone	0
🎯	bullseye	Activities	game	bullseye|dart	0
🪀	yo-yo	Activities	game		0
🪁	kite	Activities	game	kite	0
🔫	water pistol	Activities	game	gun|pistol|water	0
🎱	pool 8 ball	Activities	game	8ball|ball|pool	0
🔮	crystal ball	Activities	game	ball|crystal	0
🪄	magic wand	Activities	game	magic|wand	0
🎮	video game	Activities	game	game|video	0
🕹️	joystick	Activities	game	joystick	0
🎰	slot machine	Activities	game	machine|slot	0
🎲	game die	Activities	game	die|game	0
🧩	puzzle piece	Activities	game	jigsaw|piece|puzzle	0
🧸	teddy bear	Activities	game	bear|teddy	0
🪅	piñata	Activities	game	ata|pinata	0
🪩	mirror ball	Activities	game	ball|mirror	0
🪆	nesting dolls	Activities	game	dolls|nesting	0
♠️	spade suit	Activities	game	spade|spades|suit	0
♥️	heart suit	Activities	game	heart|hearts|suit	0
♦️	diamond suit	Activities	game	diamond|diamonds|suit	0
♣️	club suit	Activities	game	club|clubs|suit	0
♟️	chess pawn	Activities	game	chess|pawn	0
🃏	joker	Activities	game	black|joker	0
🀄	mahjong red dragon	Activities	game	dragon|mahjong|red	0
🎴	flower playing cards	Activities	game	cards|flower|playing	0
🎭	performing arts	Activities	arts & crafts	arts|performing	0
🖼️	framed picture	Activities	arts & crafts	framed|picture	0
🎨	artist palette	Activities	arts & crafts	art|artist|palette	0
🧵	thread	Activities	arts & crafts	thread	0
🪡	sewing needle	Activities	arts & crafts	needle|sewing	0
🧶	yarn	Activities	arts & crafts	yarn	0
🪢	knot	Activities	arts & crafts	knot	0
👓	glasses	Objects	clothing	eyeglasses|glasses	0
🕶️	sunglasses	Objects	clothing	dark|sunglasses	0
🥽	goggles	Objects	clothing	goggles	0
🥼	lab coat	Objects	clothing	coat|lab	0
🦺	safety vest	Objects	clothing	safety|vest	0
👔	necktie	Objects	clothing	necktie	0
👕	t-shirt	Objects	clothing	shirt|tshirt	0
👖	jeans	Objects	clothing	jeans	0
🧣	scarf	Objects	clothing	scarf	0
🧤	gloves	Objects	clothing	gloves	0
🧥	coat	Objects	clothing	coat	0
🧦	socks	Objects	clothing	socks	0
👗	dress	Objects	clothing	dress	0
👘	kimono	Objects	clothing	kimono	0
🥻	sari	Objects	clothing	sari	0
🩱	one-piece swimsuit	Objects	clothing	one|piece|swimsuit	0
🩲	briefs	Objects	clothing	brief|briefs|swim	0
🩳	shorts	Objects	clothing	shorts	0
👙	bikini	Objects	clothing	bikini	0
👚	woman’s clothes	Objects	clothing	clothes|woman|womans	0
🪭	folding hand fan	Objects	clothing	fan|folding|hand	0
👛	purse	Objects	clothing	purse	0
👜	handbag	Objects	clothing	handbag	0
👝	clutch bag	Objects	clothing	bag|clutch|pouch	0
🛍️	shopping bags	Objects	clothing	bags|shopping	0
🎒	backpack	Objects	clothing	backpack|satchel|school	0
🩴	thong sandal	Objects	clothing	sandal|thong	0
👞	man’s shoe	Objects	clothing	man|mans|shoe	0
👟	running shoe	Objects	clothing	athletic|running|shoe	0
🥾	hiking boot	Objects	clothing	boot|hiking	0
🥿	flat shoe	Objects	clothing	flat|shoe	0
👠	high-heeled shoe	Objects	clothing	heel|heeled|high|shoe	0
👡	woman’s sandal	Objects	clothing	sandal|woman	0
🩰	ballet shoes	Objects	clothing	ballet|shoes	0
👢	woman’s boot	Objects	clothing	boot|woman	0
🪮	hair pick	Objects	clothing	hair|pick	0
👑	crown	Objects	clothing	crown	0
👒	woman’s hat	Objects	clothing	hat|woman|womans	0
🎩	top hat	Objects	clothing	hat|top|tophat	0
🎓	graduation cap	Objects	clothing	board|cap|graduation|mortar	0
🧢	billed cap	Objects	clothing	billed|cap	0
🪖	military helmet	Objects	clothing	helmet|military	0
⛑️	rescue worker’s helmet	Objects	clothing	helmet|rescue|worker	0
📿	prayer beads	Objects	clothing	beads|prayer	0
💄	lipstick	Objects	clothing	lipstick	0
💍	ring	Objects	clothing	ring	0
💎	gem stone	Objects	clothing	gem|stone	0
🔇	muted speaker	Objects	sound	mute|muted|speaker	0
🔈	speaker low volume	Objects	sound	low|speaker|volume	0
🔉	speaker medium volume	Objects	sound	medium|sound|speaker|volume	0
🔊	speaker high volume	Objects	sound	high|loud|sound|speaker|volume	0
📢	loudspeaker	Objects	sound	loudspeaker	0
📣	megaphone	Objects	sound	mega|megaphone	0
📯	postal horn	Objects	sound	horn|postal	0
🔔	bell	Objects	sound	bell	0
🔕	bell with slash	Objects	sound	bell|slash|with	0
🎼	musical score	Objects	music	musical|score	0
🎵	musical note	Objects	music	musical|note	0
🎶	musical notes	Objects	music	musical|notes	0
🎙️	studio microphone	Objects	music	microphone|studio	0
🎚️	level slider	Objects	music	level|slider	0
🎛️	control knobs	Objects	music	control|knobs	0
🎤	microphone	Objects	music	microphone	0
🎧	headphone	Objects	music	headphone|headphones	0
📻	radio	Objects	music	radio	0
🎷	saxophone	Objects	musical-instrument	saxophone	0
🪗	accordion	Objects	musical-instrument	accordion	0
🎸	guitar	Objects	musical-instrument	guitar	0
🎹	musical keyboard	Objects	musical-instrument	keyboard|musical	0
🎺	trumpet	Objects	musical-instrument	trumpet	0
🎻	violin	Objects	musical-instrument	violin	0
🪕	banjo	Objects	musical-instrument	banjo	0
🥁	drum	Objects	musical-instrument	drum	0
🪘	long drum	Objects	musical-instrument	drum|long	0
🪇	maracas	Objects	musical-instrument	maracas	0
🪈	flute	Objects	musical-instrument	flute	0
🪉	harp	Objects	musical-instrument	harp	0
📱	mobile phone	Objects	phone	iphone|mobile|phone	0
📲	mobile phone with arrow	Objects	phone	arrow|calling|mobile|phone|with	0
☎️	telephone	Objects	phone	phone|telephone	0
📞	telephone receiver	Objects	phone	receiver|telephone	0
📟	pager	Objects	phone	pager	0
📠	fax machine	Objects	phone	fax|machine	0
🔋	battery	Objects	computer	battery	0
🪫	low battery	Objects	computer	battery|low	0
🔌	electric plug	Objects	computer	electric|plug	0
💻	laptop	Objects	computer	computer|laptop	0
🖥️	desktop computer	Objects	computer	computer|desktop	0
🖨️	printer	Objects	computer	printer	0
⌨️	keyboard	Objects	computer	keyboard	0
🖱️	computer mouse	Objects	computer	computer|mouse	0
🖲️	trackball	Objects	computer	trackball	0
💽	computer disk	Objects	computer	computer|disk|minidisc	0
💾	floppy disk	Objects	computer	disk|floppy	0
💿	optical disk	Objects	computer	disk|optical	0
📀	dvd	Objects	computer	dvd	0
🧮	abacus	Objects	computer	abacus	0
🎥	movie camera	Objects	light & video	camera|movie	0
🎞️	film frames	Objects	light & video	film|frames|strip	0
📽️	film projector	Objects	light & video	film|projector	0
🎬	clapper board	Objects	light & video	board|clapper	0
📺	television	Objects	light & video	television	0
📷	camera	Objects	light & video	camera	0
📸	camera with flash	Objects	light & video	camera|flash|with	0
📹	video camera	Objects	light & video	camera|video	0
📼	videocassette	Objects	light & video	vhs|videocassette	0
🔍	magnifying glass tilted left	Objects	light & video	glass|left|mag|magnifying|tilted	0
🔎	magnifying glass tilted right	Objects	light & video	glass|mag|magnifying|right|tilted	0
🕯️	candle	Objects	light & video	candle	0
💡	light bulb	Objects	light & video	bulb|light	0
🔦	flashlight	Objects	light & video	flashlight	0
🏮	red paper lantern	Objects	light & video	izakaya|lantern|paper|red	0
🪔	diya lamp	Objects	light & video	diya|lamp	0
📔	notebook with decorative cover	Objects	book-paper	cover|decorative|notebook|with	0
📕	closed book	Objects	book-paper	book|closed	0
📖	open book	Objects	book-paper	book|open	0
📗	green book	Objects	book-paper	book|green	0
📘	blue book	Objects	book-paper	blue|book	0
📙	orange book	Objects	book-paper	book|orange	0
📚	books	Objects	book-paper	books	0
📓	notebook	Objects	book-paper	notebook	0
📒	ledger	Objects	book-paper	ledger	0
📃	page with curl	Objects	book-paper	curl|page|with	0
📜	scroll	Objects	book-paper	scroll	0
📄	page facing up	Objects	book-paper	facing|page	0
📰	newspaper	Objects	book-paper	newspaper	0
🗞️	rolled-up newspaper	Objects	book-paper	newspaper|roll|rolled	0
📑	bookmark tabs	Objects	book-paper	bookmark|tabs	0
🔖	bookmark	Objects	book-paper	bookmark	0
🏷️	label	Objects	book-paper	label	0
💰	money bag	Objects	money	bag|money|moneybag	0
🪙	coin	Objects	money	coin	0
💴	yen banknote	Objects	money	banknote|yen	0
💵	dollar banknote	Objects	money	banknote|dollar	0
💶	euro banknote	Objects	money	banknote|euro	0
💷	pound banknote	Objects	money	banknote|pound	0
💸	money with wings	Objects	money	money|wings|with	0
💳	credit card	Objects	money	card|credit	0
🧾	receipt	Objects	money	receipt	0
💹	chart increasing with yen	Objects	money	chart|increasing|with|yen	0
✉️	envelope	Objects	mail	envelope	0
📧	e-mail	Objects	mail	email|mail	0
📨	incoming envelope	Objects	mail	envelope|incoming	0
📩	envelope with arrow	Objects	mail	arrow|envelope|with	0
📤	outbox tray	Objects	mail	outbox|tray	0
📥	inbox tray	Objects	mail	inbox|tray	0
📦	package	Objects	mail	package	0
📫	closed mailbox with raised flag	Objects	mail	closed|flag|mailbox|raised|with	0
📪	closed mailbox with lowered flag	Objects	mail	closed|flag|lowered|mailbox|with	0
📬	open mailbox with raised flag	Objects	mail	flag|mail|mailbox|open|raised|with	0
📭	open mailbox with lowered flag	Objects	mail	flag|lowered|mail|mailbox|open|with	0
📮	postbox	Objects	mail	postbox	0
🗳️	ballot box with ballot	Objects	mail	ballot|box|with	0
✏️	pencil	Objects	writing	pencil|pencil2	0
✒️	black nib	Objects	writing	black|nib	0
🖋️	fountain pen	Objects	writing	fountain|pen	0
🖊️	pen	Objects	writing	pen	0
🖌️	paintbrush	Objects	writing	paintbrush	0
🖍️	crayon	Objects	writing	crayon	0
📝	memo	Objects	writing	memo|pencil	0
💼	briefcase	Objects	office	briefcase	0
📁	file folder	Objects	office	file|folder	0
📂	open file folder	Objects	office	file|folder|open	0
🗂️	card index dividers	Objects	office	card|dividers|index	0
📅	calendar	Objects	office	calendar|date	0
📆	tear-off calendar	Objects	office	calendar|off|tear	0
🗒️	spiral notepad	Objects	office	notepad|spiral	0
🗓️	spiral calendar	Objects	office	calendar|spiral	0
📇	card index	Objects	office	card|index	0
📈	chart increasing	Objects	office	chart|increasing|trend|upwards|with	0
📉	chart decreasing	Objects	office	chart|decreasing|downwards|trend|with	0
📊	bar chart	Objects	office	bar|chart	0
📋	clipboard	Objects	office	clipboard	0
📌	pushpin	Objects	office	pushpin	0
📍	round pushpin	Objects	office	pushpin|round	0
📎	paperclip	Objects	office	paperclip	0
🖇️	linked paperclips	Objects	office	linked|paperclips	0
📏	straight ruler	Objects	office	ruler|straight	0
📐	triangular ruler	Objects	office	ruler|triangular	0
✂️	scissors	Objects	office	scissors	0
🗃️	card file box	Objects	office	box|card|file	0
🗄️	file cabinet	Objects	office	cabinet|file	0
🗑️	wastebasket	Objects	office	wastebasket	0
🔒	locked	Objects	lock	lock|locked|private	0
🔓	unlocked	Objects	lock	unlock|unlocked	0
🔏	locked with pen	Objects	lock	ink|lock|locked|pen|with	0
🔐	locked with key	Objects	lock	closed|key|lock|locked|with	0
🔑	key	Objects	lock	key	0
🗝️	old key	Objects	lock	key|old	0
🔨	hammer	Objects	tool	hammer	0
🪓	axe	Objects	tool	axe	0
⛏️	pick	Objects	tool	pick	0
⚒️	hammer and pick	Objects	tool	and|hammer|pick	0
🛠️	hammer and wrench	Objects	tool	and|hammer|wrench	0
🗡️	dagger	Objects	tool	dagger	0
⚔️	crossed swords	Objects	tool	crossed|swords	0
💣	bomb	Objects	tool	bomb	0
🪃	boomerang	Objects	tool	boomerang	0
🏹	bow and arrow	Objects	tool	and|arrow|bow	0
🛡️	shield	Objects	tool	shield	0
🪚	carpentry saw	Objects	tool	carpentry|saw	0
🔧	wrench	Objects	tool	wrench	0
🪛	screwdriver	Objects	tool	screwdriver	0
🔩	nut and bolt	Objects	tool	and|bolt|nut	0
⚙️	gear	Objects	tool	gear	0
🗜️	clamp	Objects	tool	clamp	0
⚖️	balance scale	Objects	tool	balance|scale	0
🦯	white cane	Objects	tool	cane|probing|white	0
🔗	link	Objects	tool	link	0
⛓️‍💥	broken chain	Objects	tool	broken|chain	0
⛓️	chains	Objects	tool	chains	0
🪝	hook	Objects	tool	hook	0
🧰	toolbox	Objects	tool	toolbox	0
🧲	magnet	Objects	tool	magnet	0
🪜	ladder	Objects	tool	ladder	0
🪏	shovel	Objects	tool	shovel	0
⚗️	alembic	Objects	science	alembic	0
🧪	test tube	Objects	science	test|tube	0
🧫	petri dish	Objects	science	dish|petri	0
🧬	dna	Objects	science	dna	0
🔬	microscope	Objects	science	microscope	0
🔭	telescope	Objects	science	telescope	0
📡	satellite antenna	Objects	science	antenna|satellite	0
💉	syringe	Objects	medical	syringe	0
🩸	drop of blood	Objects	medical	blood|drop	0
💊	pill	Objects	medical	pill	0
🩹	adhesive bandage	Objects	medical	adhesive|bandage	0
🩼	crutch	Objects	medical	crutch	0
🩺	stethoscope	Objects	medical	stethoscope	0
🩻	x-ray	Objects	medical	ray	0
🚪	door	Objects	household	door	0
🛗	elevator	Objects	household	elevator	0
🪞	mirror	Objects	household	mirror	0
🪟	window	Objects	household	window	0
🛏️	bed	Objects	household	bed	0
🛋️	couch and lamp	Objects	household	and|couch|lamp	0
🪑	chair	Objects	household	chair	0
🚽	toilet	Objects	household	toilet	0
🪠	plunger	Objects	household	plunger	0
🚿	shower	Objects	household	shower	0
🛁	bathtub	Objects	household	bathtub	0
🪤	mouse trap	Objects	household	mouse|trap	0
🪒	razor	Objects	household	razor	0
🧴	lotion bottle	Objects	household	bottle|lotion	0
🧷	safety pin	Objects	household	pin|safety	0
🧹	broom	Objects	household	broom	0
🧺	basket	Objects	household	basket	0
🧻	roll of paper	Objects	household	paper|roll	0
🪣	bucket	Objects	household	bucket	0
🧼	soap	Objects	household	soap	0
🫧	bubbles	Objects	household	bubbles	0
🪥	toothbrush	Objects	household	toothbrush	0
🧽	sponge	Objects	household	sponge	0
🧯	fire extinguisher	Objects	household	extinguisher|fire	0
🛒	shopping cart	Objects	household	cart|shopping	0
🚬	cigarette	Objects	other-object	cigarette|smoking	0
⚰️	coffin	Objects	other-object	coffin	0
🪦	headstone	Objects	other-object	headstone	0
⚱️	funeral urn	Objects	other-object	funeral|urn	0
🧿	nazar amulet	Objects	other-object	amulet|nazar	0
🪬	hamsa	Objects	other-object	hamsa	0
🗿	moai	Objects	other-object	moai|moyai	0
🪧	placard	Objects	other-object	placard	0
🪪	identification card	Objects	other-object	card|identification	0
🏧	ATM sign	Symbols	transport-sign	atm|sign	0
🚮	litter in bin sign	Symbols	transport-sign	bin|its|litter|place|put|sign	0
🚰	potable water	Symbols	transport-sign	potable|water	0
♿	wheelchair symbol	Symbols	transport-sign	symbol|wheelchair	0
🚹	men’s room	Symbols	transport-sign	men|mens|room	0
🚺	women’s room	Symbols	transport-sign	room|women|womens	0
🚻	restroom	Symbols	transport-sign	restroom	0
🚼	baby symbol	Symbols	transport-sign	baby|symbol	0
🚾	water closet	Symbols	transport-sign	closet|water	0
🛂	passport control	Symbols	transport-sign	control|passport	0
🛃	customs	Symbols	transport-sign	customs	0
🛄	baggage claim	Symbols	transport-sign	baggage|claim	0
🛅	left luggage	Symbols	transport-sign	left|luggage	0
⚠️	warning	Symbols	warning	warning	0
🚸	children crossing	Symbols	warning	children|crossing	0
⛔	no entry	Symbols	warning	entry	0
🚫	prohibited	Symbols	warning	entry|prohibited|sign	0
🚳	no bicycles	Symbols	warning	bicycles	0
🚭	no smoking	Symbols	warning	smoking	0
🚯	no littering	Symbols	warning	litter|littering|not	0
🚱	non-potable water	Symbols	warning	non|potable|water	0
🚷	no pedestrians	Symbols	warning	pedestrians	0
📵	no mobile phones	Symbols	warning	mobile|phones	0
🔞	no one under eighteen	Symbols	warning	eighteen|one|under|underage	0
☢️	radioactive	Symbols	warning	radioactive	0
☣️	biohazard	Symbols	warning	biohazard	0
⬆️	up arrow	Symbols	arrow	arrow	0
↗️	up-right arrow	Symbols	arrow	arrow|right|upper	0
➡️	right arrow	Symbols	arrow	arrow|right	0
↘️	down-right arrow	Symbols	arrow	arrow|down|lower|right	0
⬇️	down arrow	Symbols	arrow	arrow|down	0
↙️	down-left arrow	Symbols	arrow	arrow|down|left|lower	0
⬅️	left arrow	Symbols	arrow	arrow|left	0
↖️	up-left arrow	Symbols	arrow	arrow|left|upper	0
↕️	up-down arrow	Symbols	arrow	arrow|down	0
↔️	left-right arrow	Symbols	arrow	arrow|left|right	0
↩️	right arrow curving left	Symbols	arrow	arrow|curving|hook|left|leftwards|right|with	0
↪️	left arrow curving right	Symbols	arrow	arrow|curving|hook|left|right	0
⤴️	right arrow curving up	Symbols	arrow	arrow|curving|heading|right	0
⤵️	right arrow curving down	Symbols	arrow	arrow|curving|down|heading|right	0
🔃	clockwise vertical arrows	Symbols	arrow	arrows|clockwise|vertical	0
🔄	counterclockwise arrows button	Symbols	arrow	arrows|button|counterclockwise	0
🔙	BACK arrow	Symbols	arrow	arrow|back	0
🔚	END arrow	Symbols	arrow	arrow|end	0
🔛	ON! arrow	Symbols	arrow	arrow	0
🔜	SOON arrow	Symbols	arrow	arrow|soon	0
🔝	TOP arrow	Symbols	arrow	arrow|top	0
🛐	place of worship	Symbols	religion	place|worship	0
⚛️	atom symbol	Symbols	religion	atom|symbol	0
🕉️	om	Symbols	religion		0
✡️	star of David	Symbols	religion	david|star	0
☸️	wheel of dharma	Symbols	religion	dharma|wheel	0
☯️	yin yang	Symbols	religion	yang|yin	0
✝️	latin cross	Symbols	religion	cross|latin	0
☦️	orthodox cross	Symbols	religion	cross|orthodox	0
☪️	star and crescent	Symbols	religion	and|crescent|star	0
☮️	peace symbol	Symbols	religion	peace|symbol	0
🕎	menorah	Symbols	religion	menorah	0
🔯	dotted six-pointed star	Symbols	religion	dotted|pointed|six|star	0
🪯	khanda	Symbols	religion	khanda	0
♈	Aries	Symbols	zodiac	aries	0
♉	Taurus	Symbols	zodiac	taurus	0
♊	Gemini	Symbols	zodiac	gemini	0
♋	Cancer	Symbols	zodiac	cancer	0
♌	Leo	Symbols	zodiac	leo	0
♍	Virgo	Symbols	zodiac	virgo	0
♎	Libra	Symbols	zodiac	libra	0
♏	Scorpio	Symbols	zodiac	scorpio|scorpius	0
♐	Sagittarius	Symbols	zodiac	sagittarius	0
♑	Capricorn	Symbols	zodiac	capricorn	0
♒	Aquarius	Symbols	zodiac	aquarius	0
♓	Pisces	Symbols	zodiac	pisces	0
⛎	Ophiuchus	Symbols	zodiac	ophiuchus	0
🔀	shuffle tracks button	Symbols	av-symbol	arrows|button|rightwards|shuffle|tracks|twisted	0
🔁	repeat button	Symbols	av-symbol	button|repeat	0
🔂	repeat single button	Symbols	av-symbol	button|one|repeat|single	0
▶️	play button	Symbols	av-symbol	arrow|button|forward|play	0
⏩	fast-forward button	Symbols	av-symbol	button|fast|forward	0
⏭️	next track button	Symbols	av-symbol	button|next|track	0
⏯️	play or pause button	Symbols	av-symbol	button|pause|play	0
◀️	reverse button	Symbols	av-symbol	arrow|backward|button|reverse	0
⏪	fast reverse button	Symbols	av-symbol	button|fast|reverse|rewind	0
⏮️	last track button	Symbols	av-symbol	button|last|previous|track	0
🔼	upwards button	Symbols	av-symbol	arrow|button|small|upwards	0
⏫	fast up button	Symbols	av-symbol	arrow|button|double|fast	0
🔽	downwards button	Symbols	av-symbol	arrow|button|down|downwards|small	0
⏬	fast down button	Symbols	av-symbol	arrow|button|double|down|fast	0
⏸️	pause button	Symbols	av-symbol	button|pause	0
⏹️	stop button	Symbols	av-symbol	button|stop	0
⏺️	record button	Symbols	av-symbol	button|record	0
⏏️	eject button	Symbols	av-symbol	button|eject	0
🎦	cinema	Symbols	av-symbol	cinema	0
🔅	dim button	Symbols	av-symbol	brightness|button|dim|low	0
🔆	bright button	Symbols	av-symbol	bright|brightness|button|high	0
📶	antenna bars	Symbols	av-symbol	antenna|bars|signal|strength	0
🛜	wireless	Symbols	av-symbol	wireless	0
📳	vibration mode	Symbols	av-symbol	mode|vibration	0
📴	mobile phone off	Symbols	av-symbol	mobile|off|phone	0
♀️	female sign	Symbols	gender	female|sign	0
♂️	male sign	Symbols	gender	male|sign	0
⚧️	transgender symbol	Symbols	gender	symbol|transgender	0
✖️	multiply	Symbols	math	heavy|multiplication|multiply	0
➕	plus	Symbols	math	heavy|plus|sign	0
➖	minus	Symbols	math	heavy|minus|sign	0
➗	divide	Symbols	math	divide|division|heavy|sign	0
🟰	heavy equals sign	Symbols	math	equals|heavy|sign	0
♾️	infinity	Symbols	math	infinity	0
‼️	double exclamation mark	Symbols	punctuation	bangbang|double|exclamation|mark	0
⁉️	exclamation question mark	Symbols	punctuation	exclamation|interrobang|mark|question	0
❓	red question mark	Symbols	punctuation	mark|question|red	0
❔	white question mark	Symbols	punctuation	grey|mark|question|white	0
❕	white exclamation mark	Symbols	punctuation	exclamation|grey|mark|white	0
❗	red exclamation mark	Symbols	punctuation	exclamation|heavy|mark|red	0
〰️	wavy dash	Symbols	punctuation	dash|wavy	0
💱	currency exchange	Symbols	currency	currency|exchange	0
💲	heavy dollar sign	Symbols	currency	dollar|heavy|sign	0
⚕️	medical symbol	Symbols	other-symbol	medical|symbol	0
♻️	recycling symbol	Symbols	other-symbol	recycle|recycling|symbol	0
⚜️	fleur-de-lis	Symbols	other-symbol	fleur|lis	0
🔱	trident emblem	Symbols	other-symbol	emblem|trident	0
📛	name badge	Symbols	other-symbol	badge|name	0
🔰	Japanese symbol for beginner	Symbols	other-symbol	beginner|for|japanese|symbol	0
⭕	hollow red circle	Symbols	other-symbol	circle|hollow|red	0
✅	check mark button	Symbols	other-symbol	button|check|correct|done|mark|white|yes	0
☑️	check box with check	Symbols	other-symbol	ballot|box|check|with	0
✔️	check mark	Symbols	other-symbol	check|heavy|mark	0
❌	cross mark	Symbols	other-symbol	cross|delete|mark|no|wrong	0
❎	cross mark button	Symbols	other-symbol	button|cross|mark|negative|squared	0
➰	curly loop	Symbols	other-symbol	curly|loop	0
➿	double curly loop	Symbols	other-symbol	curly|double|loop	0
〽️	part alternation mark	Symbols	other-symbol	alternation|mark|part	0
✳️	eight-spoked asterisk	Symbols	other-symbol	asterisk|eight|spoked	0
✴️	eight-pointed star	Symbols	other-symbol	black|eight|pointed|star	0
❇️	sparkle	Symbols	other-symbol	sparkle	0
©️	copyright	Symbols	other-symbol	copyright	0
®️	registered	Symbols	other-symbol	registered	0
™️	trade mark	Symbols	other-symbol	mark|trade	0
🫟	splatter	Symbols	other-symbol	splatter	0
#️⃣	keycap: #	Symbols	keycap	hash|keycap	0
*️⃣	keycap: *	Symbols	keycap	asterisk|keycap	0
0️⃣	keycap: 0	Symbols	keycap	keycap|zero	0
1️⃣	keycap: 1	Symbols	keycap	keycap|one	0
2️⃣	keycap: 2	Symbols	keycap	keycap|two	0
3️⃣	keycap: 3	Symbols	keycap	keycap|three	0
4️⃣	keycap: 4	Symbols	keycap	four|keycap	0
5️⃣	keycap: 5	Symbols	keycap	five|keycap	0
6️⃣	keycap: 6	Symbols	keycap	keycap|six	0
7️⃣	keycap: 7	Symbols	keycap	keycap|seven	0
8️⃣	keycap: 8	Symbols	keycap	eight|keycap	0
9️⃣	keycap: 9	Symbols	keycap	keycap|nine	0
🔟	keycap: 10	Symbols	keycap	keycap|ten	0
🔠	input latin uppercase	Symbols	alphanum	abcd|capital|input|latin|uppercase	0
🔡	input latin lowercase	Symbols	alphanum	abcd|input|latin|lowercase	0
🔢	input numbers	Symbols	alphanum	1234|input|numbers	0
🔣	input symbols	Symbols	alphanum	input|symbols	0
🔤	input latin letters	Symbols	alphanum	abc|input|latin|letters	0
🅰️	A button (blood type)	Symbols	alphanum	blood|button|type	0
🆎	AB button (blood type)	Symbols	alphanum	blood|button|type	0
🅱️	B button (blood type)	Symbols	alphanum	blood|button|type	0
🆑	CL button	Symbols	alphanum	button	0
🆒	COOL button	Symbols	alphanum	button|cool	0
🆓	FREE button	Symbols	alphanum	button|free	0
ℹ️	information	Symbols	alphanum	information|source	0
🆔	ID button	Symbols	alphanum	button	0
Ⓜ️	circled M	Symbols	alphanum	circled	0
🆕	NEW button	Symbols	alphanum	button|new	0
🆖	NG button	Symbols	alphanum	button	0
🅾️	O button (blood type)	Symbols	alphanum	blood|button|type	0
🆗	OK button	Symbols	alphanum	button	0
🅿️	P button	Symbols	alphanum	button|parking	0
🆘	SOS button	Symbols	alphanum	button|sos	0
🆙	UP! button	Symbols	alphanum	button	0
🆚	VS button	Symbols	alphanum	button	0
🈁	Japanese “here” button	Symbols	alphanum	button|here|japanese|koko	0
🈂️	Japanese “service charge” button	Symbols	alphanum	button|charge|japanese|service	0
🈷️	Japanese “monthly amount” button	Symbols	alphanum	amount|button|japanese|monthly|u6708	0
🈶	Japanese “not free of charge” button	Symbols	alphanum	button|charge|free|japanese|not|u6709	0
🈯	Japanese “reserved” button	Symbols	alphanum	button|japanese|reserved|u6307	0
🉐	Japanese “bargain” button	Symbols	alphanum	advantage|bargain|button|ideograph|japanese	0
🈹	Japanese “discount” button	Symbols	alphanum	button|discount|japanese|u5272	0
🈚	Japanese “free of charge” button	Symbols	alphanum	button|charge|free|japanese|u7121	0
🈲	Japanese “prohibited” button	Symbols	alphanum	button|japanese|prohibited|u7981	0
🉑	Japanese “acceptable” button	Symbols	alphanum	accept|acceptable|button|japanese	0
🈸	Japanese “application” button	Symbols	alphanum	application|button|japanese|u7533	0
🈴	Japanese “passing grade” button	Symbols	alphanum	button|grade|japanese|passing|u5408	0
🈳	Japanese “vacancy” button	Symbols	alphanum	button|japanese|u7a7a|vacancy	0
㊗️	Japanese “congratulations” button	Symbols	alphanum	button|congratulations|japanese	0
㊙️	Japanese “secret” button	Symbols	alphanum	button|japanese|secret	0
🈺	Japanese “open for business” button	Symbols	alphanum	business|button|for|japanese|open|u55b6	0
🈵	Japanese “no vacancy” button	Symbols	alphanum	button|japanese|u6e80|vacancy	0
🔴	red circle	Symbols	geometric	circle|red	0
🟠	orange circle	Symbols	geometric	circle|orange	0
🟡	yellow circle	Symbols	geometric	circle|yellow	0
🟢	green circle	Symbols	geometric	circle|green	0
🔵	blue circle	Symbols	geometric	blue|circle|large	0
🟣	purple circle	Symbols	geometric	circle|purple	0
🟤	brown circle	Symbols	geometric	brown|circle	0
⚫	black circle	Symbols	geometric	black|circle	0
⚪	white circle	Symbols	geometric	circle|white	0
🟥	red square	Symbols	geometric	red|square	0
🟧	orange square	Symbols	geometric	orange|square	0
🟨	yellow square	Symbols	geometric	square|yellow	0
🟩	green square	Symbols	geometric	green|square	0
🟦	blue square	Symbols	geometric	blue|square	0
🟪	purple square	Symbols	geometric	purple|square	0
🟫	brown square	Symbols	geometric	brown|square	0
⬛	black large square	Symbols	geometric	black|large|square	0
⬜	white large square	Symbols	geometric	large|square|white	0
◼️	black medium square	Symbols	geometric	black|medium|square	0
◻️	white medium square	Symbols	geometric	medium|square|white	0
◾	black medium-small square	Symbols	geometric	black|medium|small|square	0
◽	white medium-small square	Symbols	geometric	medium|small|square|white	0
▪️	black small square	Symbols	geometric	black|small|square	0
▫️	white small square	Symbols	geometric	small|square|white	0
🔶	large orange diamond	Symbols	geometric	diamond|large|orange	0
🔷	large blue diamond	Symbols	geometric	blue|diamond|large	0
🔸	small orange diamond	Symbols	geometric	diamond|orange|small	0
🔹	small blue diamond	Symbols	geometric	blue|diamond|small	0
🔺	red triangle pointed up	Symbols	geometric	pointed|red|small|triangle	0
🔻	red triangle pointed down	Symbols	geometric	down|pointed|red|small|triangle	0
💠	diamond with a dot	Symbols	geometric	diamond|dot|inside|shape|with	0
🔘	radio button	Symbols	geometric	button|radio	0
🔳	white square button	Symbols	geometric	button|square|white	0
🔲	black square button	Symbols	geometric	black|button|square	0
🏁	chequered flag	Flags	flag	checkered|chequered|flag	0
🚩	triangular flag	Flags	flag	flag|post|triangular	0
🎌	crossed flags	Flags	flag	crossed|flags	0
🏴	black flag	Flags	flag	black|flag	0
🏳️	white flag	Flags	flag	flag|white	0
🏳️‍🌈	rainbow flag	Flags	flag	flag|rainbow	0
🏳️‍⚧️	transgender flag	Flags	flag	flag|transgender	0
🏴‍☠️	pirate flag	Flags	flag	flag|pirate	0
🇦🇨	flag: Ascension Island	Flags	country-flag	ascension|flag|island	0
🇦🇩	flag: Andorra	Flags	country-flag	andorra|flag	0
🇦🇪	flag: United Arab Emirates	Flags	country-flag	arab|emirates|flag|united	0
🇦🇫	flag: Afghanistan	Flags	country-flag	afghanistan|flag	0
🇦🇬	flag: Antigua & Barbuda	Flags	country-flag	antigua|barbuda|flag	0
🇦🇮	flag: Anguilla	Flags	country-flag	anguilla|flag	0
🇦🇱	flag: Albania	Flags	country-flag	albania|flag	0
🇦🇲	flag: Armenia	Flags	country-flag	armenia|flag	0
🇦🇴	flag: Angola	Flags	country-flag	angola|flag	0
🇦🇶	flag: Antarctica	Flags	country-flag	antarctica|flag	0
🇦🇷	flag: Argentina	Flags	country-flag	argentina|flag	0
🇦🇸	flag: American Samoa	Flags	country-flag	american|flag|samoa	0
🇦🇹	flag: Austria	Flags	country-flag	austria|flag	0
🇦🇺	flag: Australia	Flags	country-flag	australia|flag	0
🇦🇼	flag: Aruba	Flags	country-flag	aruba|flag	0
🇦🇽	flag: Åland Islands	Flags	country-flag	aland|flag|islands|land	0
🇦🇿	flag: Azerbaijan	Flags	country-flag	azerbaijan|flag	0
🇧🇦	flag: Bosnia & Herzegovina	Flags	country-flag	bosnia|flag|herzegovina	0
🇧🇧	flag: Barbados	Flags	country-flag	barbados|flag	0
🇧🇩	flag: Bangladesh	Flags	country-flag	bangladesh|flag	0
🇧🇪	flag: Belgium	Flags	country-flag	belgium|flag	0
🇧🇫	flag: Burkina Faso	Flags	country-flag	burkina|faso|flag	0
🇧🇬	flag: Bulgaria	Flags	country-flag	bulgaria|flag	0
🇧🇭	flag: Bahrain	Flags	country-flag	bahrain|flag	0
🇧🇮	flag: Burundi	Flags	country-flag	burundi|flag	0
🇧🇯	flag: Benin	Flags	country-flag	benin|flag	0
🇧🇱	flag: St. Barthélemy	Flags	country-flag	barth|barthelemy|flag|lemy	0
🇧🇲	flag: Bermuda	Flags	country-flag	bermuda|flag	0
🇧🇳	flag: Brunei	Flags	country-flag	brunei|flag	0
🇧🇴	flag: Bolivia	Flags	country-flag	bolivia|flag	0
🇧🇶	flag: Caribbean Netherlands	Flags	country-flag	caribbean|flag|netherlands	0
🇧🇷	flag: Brazil	Flags	country-flag	brazil|flag	0
🇧🇸	flag: Bahamas	Flags	country-flag	bahamas|flag	0
🇧🇹	flag: Bhutan	Flags	country-flag	bhutan|flag	0
🇧🇻	flag: Bouvet Island	Flags	country-flag	bouvet|flag|island	0
🇧🇼	flag: Botswana	Flags	country-flag	botswana|flag	0
🇧🇾	flag: Belarus	Flags	country-flag	belarus|flag	0
🇧🇿	flag: Belize	Flags	country-flag	belize|flag	0
🇨🇦	flag: Canada	Flags	country-flag	canada|flag	0
🇨🇨	flag: Cocos (Keeling) Islands	Flags	country-flag	cocos|flag|islands|keeling	0
🇨🇩	flag: Congo - Kinshasa	Flags	country-flag	congo|flag|kinshasa	0
🇨🇫	flag: Central African Republic	Flags	country-flag	african|central|flag|republic	0
🇨🇬	flag: Congo - Brazzaville	Flags	country-flag	brazzaville|congo|flag	0
🇨🇭	flag: Switzerland	Flags	country-flag	flag|switzerland	0
🇨🇮	flag: Côte d’Ivoire	Flags	country-flag	cote|divoire|flag|ivoire	0
🇨🇰	flag: Cook Islands	Flags	country-flag	cook|flag|islands	0
🇨🇱	flag: Chile	Flags	country-flag	chile|flag	0
🇨🇲	flag: Cameroon	Flags	country-flag	cameroon|flag	0
🇨🇳	flag: China	Flags	country-flag	china|flag	0
🇨🇴	flag: Colombia	Flags	country-flag	colombia|flag	0
🇨🇵	flag: Clipperton Island	Flags	country-flag	clipperton|flag|island	0
🇨🇶	flag: Sark	Flags	country-flag	flag|sark	0
🇨🇷	flag: Costa Rica	Flags	country-flag	costa|flag|rica	0
🇨🇺	flag: Cuba	Flags	country-flag	cuba|flag	0
🇨🇻	flag: Cape Verde	Flags	country-flag	cape|flag|verde	0
🇨🇼	flag: Curaçao	Flags	country-flag	cura|curacao|flag	0
🇨🇽	flag: Christmas Island	Flags	country-flag	christmas|flag|island	0
🇨🇾	flag: Cyprus	Flags	country-flag	cyprus|flag	0
🇨🇿	flag: Czechia	Flags	country-flag	czech|czechia|flag|republic	0
🇩🇪	flag: Germany	Flags	country-flag	flag|germany	0
🇩🇬	flag: Diego Garcia	Flags	country-flag	diego|flag|garcia	0
🇩🇯	flag: Djibouti	Flags	country-flag	djibouti|flag	0
🇩🇰	flag: Denmark	Flags	country-flag	denmark|flag	0
🇩🇲	flag: Dominica	Flags	country-flag	dominica|flag	0
🇩🇴	flag: Dominican Republic	Flags	country-flag	dominican|flag|republic	0
🇩🇿	flag: Algeria	Flags	country-flag	algeria|flag	0
🇪🇦	flag: Ceuta & Melilla	Flags	country-flag	ceuta|flag|melilla	0
🇪🇨	flag: Ecuador	Flags	country-flag	ecuador|flag	0
🇪🇪	flag: Estonia	Flags	country-flag	estonia|flag	0
🇪🇬	flag: Egypt	Flags	country-flag	egypt|flag	0
🇪🇭	flag: Western Sahara	Flags	country-flag	flag|sahara|western	0
🇪🇷	flag: Eritrea	Flags	country-flag	eritrea|flag	0
🇪🇸	flag: Spain	Flags	country-flag	flag|spain	0
🇪🇹	flag: Ethiopia	Flags	country-flag	ethiopia|flag	0
🇪🇺	flag: European Union	Flags	country-flag	european|flag|union	0
🇫🇮	flag: Finland	Flags	country-flag	finland|flag	0
🇫🇯	flag: Fiji	Flags	country-flag	fiji|flag	0
🇫🇰	flag: Falkland Islands	Flags	country-flag	falkland|flag|islands	0
🇫🇲	flag: Micronesia	Flags	country-flag	flag|micronesia	0
🇫🇴	flag: Faroe Islands	Flags	country-flag	faroe|flag|islands	0
🇫🇷	flag: France	Flags	country-flag	flag|france	0
🇬🇦	flag: Gabon	Flags	country-flag	flag|gabon	0
🇬🇧	flag: United Kingdom	Flags	country-flag	flag|kingdom|united	0
🇬🇩	flag: Grenada	Flags	country-flag	flag|grenada	0
🇬🇪	flag: Georgia	Flags	country-flag	flag|georgia	0
🇬🇫	flag: French Guiana	Flags	country-flag	flag|french|guiana	0
🇬🇬	flag: Guernsey	Flags	country-flag	flag|guernsey	0
🇬🇭	flag: Ghana	Flags	country-flag	flag|ghana	0
🇬🇮	flag: Gibraltar	Flags	country-flag	flag|gibraltar	0
🇬🇱	flag: Greenland	Flags	country-flag	flag|greenland	0
🇬🇲	flag: Gambia	Flags	country-flag	flag|gambia	0
🇬🇳	flag: Guinea	Flags	country-flag	flag|guinea	0
🇬🇵	flag: Guadeloupe	Flags	country-flag	flag|guadeloupe	0
🇬🇶	flag: Equatorial Guinea	Flags	country-flag	equatorial|flag|guinea	0
🇬🇷	flag: Greece	Flags	country-flag	flag|greece	0
🇬🇸	flag: South Georgia & South Sandwich Islands	Flags	country-flag	flag|georgia|islands|sandwich|south	0
🇬🇹	flag: Guatemala	Flags	country-flag	flag|guatemala	0
🇬🇺	flag: Guam	Flags	country-flag	flag|guam	0
🇬🇼	flag: Guinea-Bissau	Flags	country-flag	bissau|flag|guinea	0
🇬🇾	flag: Guyana	Flags	country-flag	flag|guyana	0
🇭🇰	flag: Hong Kong SAR China	Flags	country-flag	china|flag|hong|kong|sar	0
🇭🇲	flag: Heard & McDonald Islands	Flags	country-flag	flag|heard|islands|mcdonald	0
🇭🇳	flag: Honduras	Flags	country-flag	flag|honduras	0
🇭🇷	flag: Croatia	Flags	country-flag	croatia|flag	0
🇭🇹	flag: Haiti	Flags	country-flag	flag|haiti	0
🇭🇺	flag: Hungary	Flags	country-flag	flag|hungary	0
🇮🇨	flag: Canary Islands	Flags	country-flag	canary|flag|islands	0
🇮🇩	flag: Indonesia	Flags	country-flag	flag|indonesia	0
🇮🇪	flag: Ireland	Flags	country-flag	flag|ireland	0
🇮🇱	flag: Israel	Flags	country-flag	flag|israel	0
🇮🇲	flag: Isle of Man	Flags	country-flag	flag|isle|man	0
🇮🇳	flag: India	Flags	country-flag	flag|india	0
🇮🇴	flag: British Indian Ocean Territory	Flags	country-flag	british|flag|indian|ocean|territory	0
🇮🇶	flag: Iraq	Flags	country-flag	flag|iraq	0
🇮🇷	flag: Iran	Flags	country-flag	flag|iran	0
🇮🇸	flag: Iceland	Flags	country-flag	flag|iceland	0
🇮🇹	flag: Italy	Flags	country-flag	flag|italy	0
🇯🇪	flag: Jersey	Flags	country-flag	flag|jersey	0
🇯🇲	flag: Jamaica	Flags	country-flag	flag|jamaica	0
🇯🇴	flag: Jordan	Flags	country-flag	flag|jordan	0
🇯🇵	flag: Japan	Flags	country-flag	flag|japan	0
🇰🇪	flag: Kenya	Flags	country-flag	flag|kenya	0
🇰🇬	flag: Kyrgyzstan	Flags	country-flag	flag|kyrgyzstan	0
🇰🇭	flag: Cambodia	Flags	country-flag	cambodia|flag	0
🇰🇮	flag: Kiribati	Flags	country-flag	flag|kiribati	0
🇰🇲	flag: Comoros	Flags	country-flag	comoros|flag	0
🇰🇳	flag: St. Kitts & Nevis	Flags	country-flag	flag|kitts|nevis	0
🇰🇵	flag: North Korea	Flags	country-flag	flag|korea|north	0
🇰🇷	flag: South Korea	Flags	country-flag	flag|korea|south	0
🇰🇼	flag: Kuwait	Flags	country-flag	flag|kuwait	0
🇰🇾	flag: Cayman Islands	Flags	country-flag	cayman|flag|islands	0
🇰🇿	flag: Kazakhstan	Flags	country-flag	flag|kazakhstan	0
🇱🇦	flag: Laos	Flags	country-flag	flag|laos	0
🇱🇧	flag: Lebanon	Flags	country-flag	flag|lebanon	0
🇱🇨	flag: St. Lucia	Flags	country-flag	flag|lucia	0
🇱🇮	flag: Liechtenstein	Flags	country-flag	flag|liechtenstein	0
🇱🇰	flag: Sri Lanka	Flags	country-flag	flag|lanka|sri	0
🇱🇷	flag: Liberia	Flags	country-flag	flag|liberia	0
🇱🇸	flag: Lesotho	Flags	country-flag	flag|lesotho	0
🇱🇹	flag: Lithuania	Flags	country-flag	flag|lithuania	0
🇱🇺	flag: Luxembourg	Flags	country-flag	flag|luxembourg	0
🇱🇻	flag: Latvia	Flags	country-flag	flag|latvia	0
🇱🇾	flag: Libya	Flags	country-flag	flag|libya	0
🇲🇦	flag: Morocco	Flags	country-flag	flag|morocco	0
🇲🇨	flag: Monaco	Flags	country-flag	flag|monaco	0
🇲🇩	flag: Moldova	Flags	country-flag	flag|moldova	0
🇲🇪	flag: Montenegro	Flags	country-flag	flag|montenegro	0
🇲🇫	flag: St. Martin	Flags	country-flag	flag|martin	0
🇲🇬	flag: Madagascar	Flags	country-flag	flag|madagascar	0
🇲🇭	flag: Marshall Islands	Flags	country-flag	flag|islands|marshall	0
🇲🇰	flag: North Macedonia	Flags	country-flag	flag|macedonia|north	0
🇲🇱	flag: Mali	Flags	country-flag	flag|mali	0
🇲🇲	flag: Myanmar (Burma)	Flags	country-flag	burma|flag|myanmar	0
🇲🇳	flag: Mongolia	Flags	country-flag	flag|mongolia	0
🇲🇴	flag: Macao SAR China	Flags	country-flag	china|flag|macao|macau|sar	0
🇲🇵	flag: Northern Mariana Islands	Flags	country-flag	flag|islands|mariana|northern	0
🇲🇶	flag: Martinique	Flags	country-flag	flag|martinique	0
🇲🇷	flag: Mauritania	Flags	country-flag	flag|mauritania	0
🇲🇸	flag: Montserrat	Flags	country-flag	flag|montserrat	0
🇲🇹	flag: Malta	Flags	country-flag	flag|malta	0
🇲🇺	flag: Mauritius	Flags	country-flag	flag|mauritius	0
🇲🇻	flag: Maldives	Flags	country-flag	flag|maldives	0
🇲🇼	flag: Malawi	Flags	country-flag	flag|malawi	0
🇲🇽	flag: Mexico	Flags	country-flag	flag|mexico	0
🇲🇾	flag: Malaysia	Flags	country-flag	flag|malaysia	0
🇲🇿	flag: Mozambique	Flags	country-flag	flag|mozambique	0
🇳🇦	flag: Namibia	Flags	country-flag	flag|namibia	0
🇳🇨	flag: New Caledonia	Flags	country-flag	caledonia|flag|new	0
🇳🇪	flag: Niger	Flags	country-flag	flag|niger	0
🇳🇫	flag: Norfolk Island	Flags	country-flag	flag|island|norfolk	0
🇳🇬	flag: Nigeria	Flags	country-flag	flag|nigeria	0
🇳🇮	flag: Nicaragua	Flags	country-flag	flag|nicaragua	0
🇳🇱	flag: Netherlands	Flags	country-flag	flag|netherlands	0
🇳🇴	flag: Norway	Flags	country-flag	flag|norway	0
🇳🇵	flag: Nepal	Flags	country-flag	flag|nepal	0
🇳🇷	flag: Nauru	Flags	country-flag	flag|nauru	0
🇳🇺	flag: Niue	Flags	country-flag	flag|niue	0
🇳🇿	flag: New Zealand	Flags	country-flag	flag|new|zealand	0
🇴🇲	flag: Oman	Flags	country-flag	flag|oman	0
🇵🇦	flag: Panama	Flags	country-flag	flag|panama	0
🇵🇪	flag: Peru	Flags	country-flag	flag|peru	0
🇵🇫	flag: French Polynesia	Flags	country-flag	flag|french|polynesia	0
🇵🇬	flag: Papua New Guinea	Flags	country-flag	flag|guinea|new|papua	0
🇵🇭	flag: Philippines	Flags	country-flag	flag|philippines	0
🇵🇰	flag: Pakistan	Flags	country-flag	flag|pakistan	0
🇵🇱	flag: Poland	Flags	country-flag	flag|poland	0
🇵🇲	flag: St. Pierre & Miquelon	Flags	country-flag	flag|miquelon|pierre	0
🇵🇳	flag: Pitcairn Islands	Flags	country-flag	flag|islands|pitcairn	0
🇵🇷	flag: Puerto Rico	Flags	country-flag	flag|puerto|rico	0
🇵🇸	flag: Palestinian Territories	Flags	country-flag	flag|palestinian|territories	0
🇵🇹	flag: Portugal	Flags	country-flag	flag|portugal	0
🇵🇼	flag: Palau	Flags	country-flag	flag|palau	0
🇵🇾	flag: Paraguay	Flags	country-flag	flag|paraguay	0
🇶🇦	flag: Qatar	Flags	country-flag	flag|qatar	0
🇷🇪	flag: Réunion	Flags	country-flag	flag|reunion|union	0
🇷🇴	flag: Romania	Flags	country-flag	flag|romania	0
🇷🇸	flag: Serbia	Flags	country-flag	flag|serbia	0
🇷🇺	flag: Russia	Flags	country-flag	flag|russia	0
🇷🇼	flag: Rwanda	Flags	country-flag	flag|rwanda	0
🇸🇦	flag: Saudi Arabia	Flags	country-flag	arabia|flag|saudi	0
🇸🇧	flag: Solomon Islands	Flags	country-flag	flag|islands|solomon	0
🇸🇨	flag: Seychelles	Flags	country-flag	flag|seychelles	0
🇸🇩	flag: Sudan	Flags	country-flag	flag|sudan	0
🇸🇪	flag: Sweden	Flags	country-flag	flag|sweden	0
🇸🇬	flag: Singapore	Flags	country-flag	flag|singapore	0
🇸🇭	flag: St. Helena	Flags	country-flag	flag|helena	0
🇸🇮	flag: Slovenia	Flags	country-flag	flag|slovenia	0
🇸🇯	flag: Svalbard & Jan Mayen	Flags	country-flag	flag|jan|mayen|svalbard	0
🇸🇰	flag: Slovakia	Flags	country-flag	flag|slovakia	0
🇸🇱	flag: Sierra Leone	Flags	country-flag	flag|leone|sierra	0
🇸🇲	flag: San Marino	Flags	country-flag	flag|marino|san	0
🇸🇳	flag: Senegal	Flags	country-flag	flag|senegal	0
🇸🇴	flag: Somalia	Flags	country-flag	flag|somalia	0
🇸🇷	flag: Suriname	Flags	country-flag	flag|suriname	0
🇸🇸	flag: South Sudan	Flags	country-flag	flag|south|sudan	0
🇸🇹	flag: São Tomé & Príncipe	Flags	country-flag	flag|ncipe|principe|sao|tom|tome	0
🇸🇻	flag: El Salvador	Flags	country-flag	flag|salvador	0
🇸🇽	flag: Sint Maarten	Flags	country-flag	flag|maarten|sint	0
🇸🇾	flag: Syria	Flags	country-flag	flag|syria	0
🇸🇿	flag: Eswatini	Flags	country-flag	eswatini|flag|swaziland	0
🇹🇦	flag: Tristan da Cunha	Flags	country-flag	cunha|flag|tristan	0
🇹🇨	flag: Turks & Caicos Islands	Flags	country-flag	caicos|flag|islands|turks	0
🇹🇩	flag: Chad	Flags	country-flag	chad|flag	0
🇹🇫	flag: French Southern Territories	Flags	country-flag	flag|french|southern|territories	0
🇹🇬	flag: Togo	Flags	country-flag	flag|togo	0
🇹🇭	flag: Thailand	Flags	country-flag	flag|thailand	0
🇹🇯	flag: Tajikistan	Flags	country-flag	flag|tajikistan	0
🇹🇰	flag: Tokelau	Flags	country-flag	flag|tokelau	0
🇹🇱	flag: Timor-Leste	Flags	country-flag	flag|leste|timor	0
🇹🇲	flag: Turkmenistan	Flags	country-flag	flag|turkmenistan	0
🇹🇳	flag: Tunisia	Flags	country-flag	flag|tunisia	0
🇹🇴	flag: Tonga	Flags	country-flag	flag|tonga	0
🇹🇷	flag: Türkiye	Flags	country-flag	flag|rkiye	0
🇹🇹	flag: Trinidad & Tobago	Flags	country-flag	flag|tobago|trinidad	0
🇹🇻	flag: Tuvalu	Flags	country-flag	flag|tuvalu	0
🇹🇼	flag: Taiwan	Flags	country-flag	flag|taiwan	0
🇹🇿	flag: Tanzania	Flags	country-flag	flag|tanzania	0
🇺🇦	flag: Ukraine	Flags	country-flag	flag|ukraine	0
🇺🇬	flag: Uganda	Flags	country-flag	flag|uganda	0
🇺🇲	flag: U.S. Outlying Islands	Flags	country-flag	flag|islands|outlying	0
🇺🇳	flag: United Nations	Flags	country-flag	flag|nations|united	0
🇺🇸	flag: United States	Flags	country-flag	flag|states|united	0
🇺🇾	flag: Uruguay	Flags	country-flag	flag|uruguay	0
🇺🇿	flag: Uzbekistan	Flags	country-flag	flag|uzbekistan	0
🇻🇦	flag: Vatican City	Flags	country-flag	city|flag|vatican	0
🇻🇨	flag: St. Vincent & Grenadines	Flags	country-flag	flag|grenadines|vincent	0
🇻🇪	flag: Venezuela	Flags	country-flag	flag|venezuela	0
🇻🇬	flag: British Virgin Islands	Flags	country-flag	british|flag|islands|virgin	0
🇻🇮	flag: U.S. Virgin Islands	Flags	country-flag	flag|islands|virgin	0
🇻🇳	flag: Vietnam	Flags	country-flag	flag|vietnam	0
🇻🇺	flag: Vanuatu	Flags	country-flag	flag|vanuatu	0
🇼🇫	flag: Wallis & Futuna	Flags	country-flag	flag|futuna|wallis	0
🇼🇸	flag: Samoa	Flags	country-flag	flag|samoa	0
🇽🇰	flag: Kosovo	Flags	country-flag	flag|kosovo	0
🇾🇪	flag: Yemen	Flags	country-flag	flag|yemen	0
🇾🇹	flag: Mayotte	Flags	country-flag	flag|mayotte	0
🇿🇦	flag: South Africa	Flags	country-flag	africa|flag|south	0
🇿🇲	flag: Zambia	Flags	country-flag	flag|zambia	0
🇿🇼	flag: Zimbabwe	Flags	country-flag	flag|zimbabwe	0
🏴󠁧󠁢󠁥󠁮󠁧󠁿	flag: England	Flags	subdivision-flag	england|flag	0
🏴󠁧󠁢󠁳󠁣󠁴󠁿	flag: Scotland	Flags	subdivision-flag	flag|scotland	0
🏴󠁧󠁢󠁷󠁬󠁳󠁿	flag: Wales	Flags	subdivision-flag	flag|wales	0
